,,,,,,,,,,,,,,,,,,,,,,,,,,,,,,,,,,,,
,,,,,,,,,,,,,,,,,,,,,,,,,,,,,,,,,,,,
,,,,,,,,,,,,,,,,,,,,,,,,,,,,,,,,,,,,
,,,,,,,,,,,,,,,,,,,,,,,,,,,,,,,,,,,,
United Nations,,,,,,,,,,,,,,,,,,,,,,,,,,,,,,,,,,,,
Population Division,,,,,,,,,,,,,,,,,,,,,,,,,,,,,,,,,,,,
Department of Economic and Social Affairs,,,,,,,,,,,,,,,,,,,,,,,,,,,,,,,,,,,,
,,,,,,,,,,,,,,,,,,,,,,,,,,,,,,,,,,,,
World Population Prospects 2019,,,,,,,,,,,,,,,,,,,,,,,,,,,,,,,,,,,,
"File FERT/1: Births (both sexes combined) by region, subregion and country, 1950-2100 (thousands)",,,,,,,,,,,,,,,,,,,,,,,,,,,,,,,,,,,,
"Estimates, 1950 - 2020",,,,,,,,,,,,,,,,,,,,,,,,,,,,,,,,,,,,
POP/DB/WPP/Rev.2019/FERT/F01,,,,,,,,,,,,,,,,,,,,,,,,,,,,,,,,,,,,
"Copyright ? 2019 by United Nations, made available under a Creative Commons license CC BY 3.0 IGO: http://creativecommons.org/licenses/by/3.0/igo/",,,,,,,,,,,,,,,,,,,,,,,,,,,,,,,,,,,,
"Suggested citation: United Nations, Department of Economic and Social Affairs, Population Division (2019). World Population Prospects 2019, Online Edition.",,,,,,,,,,,,,,,,,,,,,,,,,,,,,,,,,,,,
,,,,,,,,,,,,,,,,,,,,,,,,,,,,,,,,,,,,
,,,,,,,"Number of births, both sexes combined (thousands)",,,,,,,,,,,,,,,,,,,,,,,,,,,,,
Index,Variant,"Region, subregion, country or area *",Notes,Country code,Type,Parent code,1950-1955,1955-1960,1960-1965,1965-1970,1970-1975,1975-1980,1980-1985,1985-1990,1990-1995,1995-2000,2000-2005,2005-2010,2010-2015,2015-2020,2020-2025,2025-2030,2030-2035,2035-2040,2040-2045,2045-2050,2050-2055,2055-2060,2060-2065,2065-2070,2070-2075,2075-2080,2080-2085,2085-2090,2090-2095,2095-2100
1,Estimates,WORLD,,900,World,0,490291.785,514362.273,561400.825,598599.363,612104.175,608084.113,647106.919,697950.24,669030.915,660106.261,666529.348,686395.224,697771.107,701277.931,697667.775,696097.145,698097.278,701021.554,703586.323,703038.916,699840.41,694420.735,688958.882,682902.045,676768.775,669922.891,661160.115,651221.014,640450.166,629549.242
2,Estimates,UN development groups,a,1803,Label/Separator,900,бн,бн,бн,бн,бн,бн,бн,бн,бн,бн,бн,бн,бн,бн,бн,бн,бн,бн,бн,бн,бн,бн,бн,бн,бн,бн,бн,бн,бн,бн
3,Estimates,More developed regions,b,901,Development Group,1803,93814.379,95046.288,91755.265,84975.626,82451.848,79023.605,79126.218,78301.35,71425.379,66063.376,66013.631,69917.133,69132.585,66942.06,65007.478,63306.687,62500.718,62779.161,63245.814,63089.054,62283.019,61349.868,60721.968,60575.625,60726.172,60844.449,60702.984,60311.2,59895.352,59660.662
4,Estimates,Less developed regions,c,902,Development Group,1803,396477.406,419315.985,469645.56,513623.737,529652.327,529060.508,567980.701,619648.89,597605.536,594042.885,600515.717,616478.091,628638.522,634335.871,632660.297,632790.458,635596.56,638242.393,640340.509,639949.862,637557.391,633070.867,628236.914,622326.42,616042.603,609078.442,600457.131,590909.814,580554.814,569888.58
5,Estimates,Least developed countries,d,941,Development Group,902,49120.955,54510.62,60887.889,68266.598,76140.234,84498.886,94275.781,102917.337,112022.278,122140.902,131688.28,140531.636,148952.409,157955.618,167484.907,176323.668,184440.961,191600.25,198153.452,203817.746,208693.368,212882.053,216331.682,218863.17,220506.134,221301.969,221249.449,220541.46,219234.053,217353.979
6,Estimates,"Less developed regions, excluding least developed countries",e,934,Development Group,902,347356.451,364805.365,408757.671,445357.139,453512.093,444561.622,473704.92,516731.553,485583.258,471901.983,468827.437,475946.455,479686.113,476380.253,465175.39,456466.79,451155.599,446642.143,442187.057,436132.116,428864.023,420188.814,411905.232,403463.25,395536.469,387776.473,379207.682,370368.354,361320.761,352534.601
7,Estimates,"Less developed regions, excluding China",,948,Development Group,1803,270136.988,300780.869,330494.43,357946.134,387307.767,418276.496,455636.795,478137.642,490299.022,499959.001,513268.035,528743.99,539043.732,548006.7,554112.601,559732.499,565094.538,569107.717,572225.975,573835.857,573787.854,571618.65,568759.874,564380.212,559513.923,553972.266,546965.045,539105.389,530313.698,521023.294
8,Estimates,Land-locked Developing Countries (LLDC),f,1636,Special other,1803,25148.756,28295.566,31615.811,34204.851,38235.866,42653.37,47630.911,52983.391,56946.69,60738.279,64584.758,70177,75556.668,79400.533,82685.37,85758.309,89086.384,92226.835,94759.821,96322.777,97396.984,98131.088,98692.266,98816.546,98460.654,97787.889,96819.086,95550.982,94117.15,92572.811
9,Estimates,Small Island Developing States (SIDS),g,1637,Special other,1803,5111.22,5502.393,6166.713,6128.639,6123.525,5979.274,6372.271,6622.443,6653.199,6640.386,6561.658,6538.924,6593.805,6502.466,6411.419,6339.598,6273.135,6184.512,6099.44,6011.579,5911.818,5804.547,5689.732,5568.655,5433.268,5303.481,5165.838,5024.736,4884.548,4741.538
10,Estimates,World Bank income groups,,1802,Label/Separator,900,бн,бн,бн,бн,бн,бн,бн,бн,бн,бн,бн,бн,бн,бн,бн,бн,бн,бн,бн,бн,бн,бн,бн,бн,бн,бн,бн,бн,бн,бн
11,Estimates,High-income countries,h,1503,Income Group,1802,80971.592,83753.802,84581.454,81083.826,78356.939,74816.339,74551.77,73622.374,72920.136,69528.495,68450.56,70888.881,69656.752,67552.569,66652.921,65695.712,64994.038,64692.067,64607.906,64371.664,63807.374,63230.409,62804.797,62560.201,62428.579,62353.584,62252.613,62015.8,61741.826,61537.039
12,Estimates,Middle-income countries,h,1517,Income Group,1802,375559.767,392753.935,435101.894,470352.163,480850.638,474408.841,506199.997,550404.768,513806.011,499082.549,497918.42,505810.368,510031.58,507735.978,496381.815,487520.823,482668.584,479113.034,475713.834,470424.238,463713.792,455583.715,447963.402,440366.538,433378.548,426309.485,418124.486,409547.143,400697.832,392037.267
13,Estimates,Upper-middle-income countries,h,1502,Income Group,1517,202118.062,201497.713,227332.799,246017.455,237423.92,211392.038,219304.205,249564.417,207014.646,188182.783,179373.541,181643.026,186603.779,183427.258,170840.261,160764.708,155440.533,152969.259,151360.838,148225.778,143624.874,138434.516,133862.927,130421.677,127715.782,125020.476,121766.83,118072.751,114464.221,111297.339
14,Estimates,Lower-middle-income countries,h,1501,Income Group,1517,173441.705,191256.222,207769.095,224334.708,243426.718,263016.803,286895.792,300840.351,306791.365,310899.766,318544.879,324167.342,323427.801,324308.72,325541.554,326756.115,327228.051,326143.775,324352.996,322198.46,320088.918,317149.199,314100.475,309944.861,305662.766,301289.009,296357.656,291474.392,286233.611,280739.928
15,Estimates,Low-income countries,h,1500,Income Group,1802,33572.168,37651.104,41497.773,46937.275,52697.086,58674.773,66160.807,73703.511,82081.047,91264.909,99915.633,109444.155,117833.778,125746.205,134387.774,142628.09,150176.084,156957.768,163009.175,167989.554,172065.895,175352.44,177936.237,179722.511,180712.331,181014.155,180540.165,179416.878,177771.008,175737.781
16,Estimates,No income group available,,1518,Income Group,1802,188.258,203.432,219.704,226.099,199.512,184.16,194.345,219.587,223.721,230.308,244.735,251.82,248.997,243.179,245.265,252.52,258.572,258.685,255.408,253.46,253.349,254.171,254.446,252.795,249.317,245.667,242.851,241.193,239.5,237.155
17,Estimates,Geographic regions,i,1840,Label/Separator,900,бн,бн,бн,бн,бн,бн,бн,бн,бн,бн,бн,бн,бн,бн,бн,бн,бн,бн,бн,бн,бн,бн,бн,бн,бн,бн,бн,бн,бн,бн
18,Estimates,Africa,j,903,Region,1840,57582.718,63851.574,71218.897,79405.504,89551.648,101369.849,114418.462,126310.494,136368.485,148663.883,163203.397,180855.457,199194.633,212112.876,225108.727,238808.815,253035.5,266511.09,278256.503,287787.106,295881.719,302745.589,308804.853,313508.824,316892.078,318822.406,319172.968,318462.847,316916.382,314608.513
19,Estimates,Asia,k,935,Region,1840,309971.04,320086.675,358074.067,391526.478,396208.438,378839.374,401184.718,439409.766,406673.794,391187.055,384724.272,385179.954,379581.728,372697.319,359338.869,347481.093,337826.201,328726.291,320539.658,311782.712,302478.626,292372.457,282768.169,273460.54,264988.441,257167.29,249177.665,241301.836,233442.717,226024.202
20,Estimates,Europe,l,908,Region,1840,60499.321,61675.635,59250.333,54411.333,52100.461,50597.246,50152.471,48811.214,41738.902,37288.778,36892.161,39857.076,40215.988,38847.368,36606.517,34635.626,33795.439,34055.314,34539.817,34390.282,33487.896,32332.834,31510.392,31231.183,31300.244,31288.379,30955.375,30373.411,29773.044,29393.179
21,Estimates,Latin America and the Caribbean,m,904,Region,1840,38399.428,43003.97,47993.695,50980.73,53264.581,56555.251,58989.343,59612.54,59517.617,58847.758,56887.582,54566.688,53754.486,52746.134,51004.237,49078.487,47220.369,45420.74,43860.511,42519.152,41102.15,39659.161,38265.035,36923.624,35714.004,34595.816,33539.857,32491.145,31471.496,30501.669
22,Estimates,Northern America,n,905,Region,1840,21934.108,23638.907,22637.492,19943.576,18494.249,18336.111,19851.198,21162.687,21932.964,21261.985,21895.287,22711.27,21679.589,21438.111,22127.247,22575.573,22644.296,22648.549,22621.671,22697.638,22968.787,23356.446,23638.933,23781.06,23845.739,23983.024,24227.894,24503.675,24762.107,24946.364
23,Estimates,Oceania,o,909,Region,1840,1905.17,2105.512,2226.341,2331.742,2484.798,2386.282,2510.727,2643.539,2799.153,2856.802,2926.649,3224.779,3344.683,3436.123,3482.178,3517.551,3575.473,3659.57,3768.163,3862.026,3921.232,3954.248,3971.5,3996.814,4028.269,4065.976,4086.356,4088.1,4084.42,4075.315
24,Estimates,Sustainable Development Goal (SDG) regions,p,1828,Label/Separator,900,бн,бн,бн,бн,бн,бн,бн,бн,бн,бн,бн,бн,бн,бн,бн,бн,бн,бн,бн,бн,бн,бн,бн,бн,бн,бн,бн,бн,бн,бн
25,Estimates,SUB-SAHARAN AFRICA,,947,SDG region,1828,44531.708,49353.894,55226.406,61980.927,70787.782,80828.67,91990.318,103104.044,113637.217,126589.432,140705.835,155986.751,170121.924,182220.487,195784.511,209681.575,223076.468,235170.875,245934.66,255079.515,263240.208,270173.159,276209.036,280889.088,284337.137,286464.148,287158.466,286931.161,285899.421,284064.854
26,Estimates,Eastern Africa,,910,Subregion,947,17227.632,19211.071,21795.89,24778.981,28574.723,32879.786,37567.702,42552.7,46777.677,52194.265,57426.1,62697.423,67230.711,71481.161,76607.77,81359.444,85549.74,89116.955,92423.148,95304.013,97761.157,99772.876,101358.974,102420.809,103053.974,103325.853,103271.408,102810.332,102130.793,101211.331
27,Estimates,Burundi,,108,Country,910,605.461,650.277,713.022,789.618,856.857,987.013,1145.123,1304.826,1368.918,1354.792,1471.556,1730.267,1987.053,2164.107,2329.38,2491.513,2674.056,2874.457,3073.47,3251.889,3397.284,3523.131,3631.04,3737.668,3839.911,3911.675,3967.348,3998.44,4002.664,3991.429
28,Estimates,Comoros,,174,Country,910,37.704,43.648,47.073,50.368,55.045,64.159,76.195,84.729,90.496,97.562,106.361,116.423,126.32,132.115,137.061,142.088,147.671,153.054,157.79,161.079,162.861,164.517,165.224,165.975,165.415,163.717,161.604,158.623,155.357,151.808
29,Estimates,Djibouti,,262,Country,910,13.491,16.392,21.958,30.85,42.948,61.24,80.044,101.534,118.584,111.775,112.909,107.577,106.011,103.158,99.469,94.882,90.973,88.888,88.587,88.881,87.185,83.853,80.376,77.625,75.981,75.16,73.877,71.916,69.716,67.77
30,Estimates,Eritrea,,232,Country,910,204.36,232.671,260.631,291.117,324.216,366.471,422.004,468.95,428.309,358.633,442.199,564.24,551.978,527.655,521.189,546.484,584.517,615.584,628.659,626.747,625.576,633.018,641.36,644.004,636.057,622.88,607.944,594.72,583.753,570.771
31,Estimates,Ethiopia,,231,Country,910,4688.782,5033.834,5658.644,6360.496,7406.326,8212.8,9335.029,10681.512,12237.363,14015.213,14799.858,15287.92,16371.463,17572.229,18513.46,19049.721,19345.586,19584.969,19884.879,20024.64,20045.232,19859.169,19613.366,19301.383,18883.85,18505.473,18085.934,17582.429,17128.274,16683.324
32,Estimates,Kenya,,404,Country,910,1671.664,1938.541,2247.079,2638.991,3172.255,3760.938,4407.713,4935.811,5195.1,6057.51,6718.145,7296.52,7388.27,7345.341,7779.775,8195.627,8500.876,8598.869,8619.546,8627.534,8660.958,8647.294,8573.666,8417.308,8228.015,8033.694,7839.08,7659.057,7473.149,7270.516
33,Estimates,Madagascar,,450,Country,910,1058.186,1180.312,1315.4,1483.977,1693.974,1921.424,2121.458,2406.924,2767.059,3131.901,3364.095,3606.6,3872.083,4259.994,4650.814,4992.18,5275.856,5564.949,5857.087,6156.714,6415.892,6624.417,6801.377,6954.805,7079.034,7157.546,7200.58,7211.839,7173.428,7106.346
34,Estimates,Malawi,,454,Country,910,776.297,882.495,1009.075,1155.003,1308.62,1503.893,1718.823,2085.037,2202.015,2323.777,2570.994,2873.986,2961.983,3072.248,3369.433,3648.501,3856.857,4024.294,4181.545,4319.075,4456.225,4553.749,4625.044,4650.555,4644.167,4616.255,4573.794,4512.937,4434.643,4350.445
35,Estimates,Mauritius,1,480,Country,910,115.578,132.591,154.618,131.184,115.334,123.171,100.601,108.795,111.518,103.489,96.404,81.929,69.846,64.826,62.95,61.251,59.356,55.78,51.634,48.569,46.989,46.227,45.275,43.709,41.777,39.932,38.594,37.777,37.057,36.129
36,Estimates,Mayotte,,175,Country,910,3.518,4.599,6.117,7.855,9.851,12.426,14.968,18.507,19.678,24.698,29.955,35.185,35.576,36.24,38.146,40.636,42.969,44.519,45.203,45.239,45.095,45.004,44.943,44.64,43.973,43.097,42.125,41.283,40.502,39.729
37,Estimates,Mozambique,,508,Country,910,1442.233,1567.502,1775.277,2008.454,2258.858,2554.211,2817.548,2881.009,3210.97,3725.375,4232.247,4612.722,5005.312,5495.085,6033.881,6536.696,6983.549,7393.921,7746.454,8061.268,8337.123,8601.707,8815.506,8971.76,9092.758,9146.852,9168.969,9150.1,9129.583,9045.016
38,Estimates,Rижunion,,638,Country,910,66.925,70.586,78.161,77.901,63.395,58.3,62.442,70.647,70.601,71.493,75.134,72.388,70.295,65.533,63.875,63.642,63.049,61.074,58.563,56.14,54.099,52.524,51.001,49.186,47.163,45.238,43.399,41.759,40.177,38.571
39,Estimates,Rwanda,,646,Country,910,633.458,729.424,778.016,857.093,1035.872,1269.938,1502.038,1670.536,1471.124,1430.415,1592.996,1706.148,1772.954,1951.412,2007.585,2066.452,2133.878,2203.714,2264.579,2286.743,2281.822,2250.278,2214.38,2175.377,2130.711,2079.077,2022.506,1965.369,1908.127,1856.683
40,Estimates,Seychelles,,690,Country,910,7.371,7.536,8.487,9.026,9.306,9.22,9.077,8.535,8.14,7.492,8.154,8.526,8.183,8.129,7.479,7.099,7,7.009,6.909,6.645,6.28,5.995,5.788,5.615,5.423,5.181,4.928,4.684,4.476,4.288
41,Estimates,Somalia,,706,Country,910,581.173,629.43,689.604,764.638,843.033,1123.003,1436.439,1633.021,1824.879,2051.235,2294.211,2558.275,2775.898,3107.683,3503.012,3896.196,4226.149,4510.391,4799.682,5127.724,5445.754,5715.423,5929.143,6114.36,6282.95,6461.597,6593.63,6680.898,6716.332,6701.436
42,Estimates,South Sudan,,728,Country,910,615.351,684.452,760.432,844.365,927.28,1030.057,1155.636,1283.331,1234.651,1261.785,1426.05,1677.526,1876.361,1927.514,1975.317,2069.909,2161.473,2240.226,2310.806,2367.542,2414.448,2452.969,2481.323,2492.119,2494.134,2482.717,2459.815,2426.043,2394.999,2352.549
43,Estimates,Uganda,,800,Country,910,1399.118,1564.832,1800.199,2112.715,2437.386,2826.044,3329.936,3966.987,4704.018,5415.33,6137.948,6924.654,7577.15,8068.514,8611.077,8989.586,9299.572,9501.052,9670.989,9770.499,9806.615,9794.181,9705.01,9573.396,9421.775,9229.906,8998.535,8771.4,8544.015,8324.417
44,Estimates,United Republic of Tanzania,2,834,Country,910,1994.305,2303.569,2651.902,3057.362,3510.532,4052.126,4596.577,5244.331,5914.182,6583.484,7507.634,8554.888,9324.117,10260.034,11305.515,12461.257,13645.327,14765.658,15858.735,16943.619,17939.224,18967.669,19938.779,20810.754,21600.744,22256.953,22855.222,23322.122,23681.633,23996.092
45,Estimates,Zambia,,894,Country,910,593.394,700.97,830.1,954.221,1129.679,1314.054,1504.836,1728.671,1942.942,2209.677,2498.913,2700.292,2934.269,3107.921,3454.299,3803.728,4129.944,4421.492,4703.478,4970.316,5243.323,5509.076,5769.862,5984.6,6176.863,6348.15,6502.583,6608.418,6685.983,6737.253
46,Estimates,Zimbabwe,,716,Country,910,719.263,837.41,990.095,1153.747,1373.956,1629.298,1731.215,1869.007,1857.13,1858.629,1940.337,2181.357,2415.589,2211.423,2144.053,2201.996,2321.082,2407.055,2414.553,2363.15,2289.172,2242.675,2226.511,2205.97,2163.273,2100.753,2030.941,1970.518,1926.925,1886.759
47,Estimates,Middle Africa,,911,Subregion,947,6287.571,7005.187,7806.831,8800.562,10039.755,11516.129,13307.613,15360.027,17839.784,20505.875,23523.164,27060.032,30446.091,33325.052,36399.47,39670.765,42918.811,45824.719,48403.882,50563.007,52516.381,54326.107,55935.017,57275.94,58340.238,59052.998,59371.047,59643.04,59692.718,59554.556
48,Estimates,Angola,,24,Country,911,1162.277,1310.475,1352.662,1444.232,1657.154,1924.231,2305.794,2767.025,3209.497,3678.195,4284.384,5004.301,5661.645,6215.232,6940.19,7769.262,8636.127,9475.25,10320.659,11118.279,11916.389,12721.021,13517.849,14248.573,14951.941,15576.013,16124.533,16688.617,17160.917,17504.367
49,Estimates,Cameroon,,120,Country,911,951.896,1038.187,1185.083,1363.252,1570.733,1829.962,2170.997,2497.601,2775.47,3044.693,3421.185,3835.062,4175.895,4437.254,4717.374,5021.613,5316.235,5602.334,5866.456,6109.791,6303.839,6490.661,6660.187,6809.387,6931.778,7011.942,7061.383,7102.226,7080.884,7073.489
50,Estimates,Central African Republic,,140,Country,911,284.156,311.294,338.94,369.729,396.734,432.136,503.496,568.593,625,710.259,789.524,841.457,836.793,825.318,876.763,935.676,967.907,972.393,966.423,963.322,960.073,955.55,947.389,931.562,910.107,885.963,861.833,840.492,817.16,793.057
51,Estimates,Chad,,148,Country,911,608.171,660.482,719.39,797.956,929.485,1062.641,1200.631,1397.919,1664.275,1968.597,2319.988,2648.456,2937.923,3239.404,3530.96,3800.625,4043.337,4252.255,4441.424,4594.552,4730.072,4845.72,4936.917,5004.95,5050.628,5075.134,5067.322,5038.757,4989.774,4928.45
52,Estimates,Congo,,178,Country,911,183.082,204.321,234.249,271.597,314.226,358.155,388.335,424.9,479.28,560.249,650.051,747.953,821.221,857.167,917.255,1000.534,1091.308,1173.642,1247.378,1312.347,1374.602,1436.818,1500.661,1554.725,1609.615,1650.361,1683.114,1709.927,1728.446,1744.604
53,Estimates,Democratic Republic of the Congo,,180,Country,911,2962.02,3337.578,3819.663,4377.256,4982.014,5706.042,6503.34,7430.499,8779.359,10203.576,11676.666,13538.319,15492.085,17168.551,18810.591,20514.035,22209.154,23662.943,24841.648,25717.652,26467.783,27104.891,27596.876,27947.001,28101.392,28067.289,27789.942,27486.727,27150.355,26755.452
54,Estimates,Equatorial Guinea,,226,Country,911,49.435,51.251,53.962,59.636,58.651,54.266,65.249,82.328,95.144,114.338,137.469,164.563,191,215.073,238.356,258.061,272.718,284.872,296.286,305.36,312.111,317.582,320.968,322.264,322.51,321.026,318.678,315.424,311.609,308.108
55,Estimates,Gabon,,266,Country,911,72.368,76.939,87.68,101.971,114.635,130.174,149.176,168.485,186.874,199.032,214.238,248.228,296.88,333.827,333.249,333.56,342.035,359.039,379.802,396.254,404.512,405.649,404.753,406.949,410.88,413.445,412.182,408.838,401.71,395.668
56,Estimates,Sao Tome and Principe,,678,Country,911,14.166,14.66,15.202,14.933,16.123,18.522,20.595,22.677,24.885,26.936,29.659,31.693,32.649,33.226,34.732,37.399,39.99,41.991,43.806,45.45,47,48.215,49.417,50.529,51.387,51.825,52.06,52.032,51.863,51.361
57,Estimates,Southern Africa,,913,Subregion,947,3480.238,3839.1,4241.383,4662.046,5187.55,5639.004,6385.894,6669.09,6339.331,6113.013,6257.089,6865.607,7098.955,6990.953,6839.302,6748.277,6734.369,6737.297,6663.878,6545.917,6399.728,6254.166,6135.257,6018.864,5903.352,5779.695,5643.956,5519.595,5407.469,5298.634
58,Estimates,Botswana,,72,Country,913,103.781,115.232,123.925,135.568,152.958,182.416,211.229,218.67,228.217,232.273,250.606,266.859,281.927,280.786,273.934,273.691,277.906,281.84,280.743,275.34,269.541,264.367,260.919,257.641,252.689,247.332,241.801,236.709,232.525,228.661
59,Estimates,Eswatini,,748,Country,913,69.208,75.965,84.93,98.583,117.791,134.794,154.693,156.497,162.702,161.165,162.135,167.272,154.851,151.207,144.11,144.113,149.14,153.93,154.091,150.62,147.369,145.613,144.51,143.118,140.516,137.704,134.924,132.842,131.056,129.234
60,Estimates,Lesotho,,426,Country,913,157.882,172.989,189.844,213.818,242.899,271.227,293.658,300.474,297.832,304.069,313.128,295.905,288.118,283.944,271.813,261.226,255.379,252.287,249.094,243.487,236.506,229.016,221.094,212.028,203.727,195.495,186.167,177.883,169.075,160.43
61,Estimates,Namibia,,516,Country,913,116.701,127.642,141.724,160.814,193.994,213.614,230.604,256.81,277.963,283.004,273.113,304.488,338.352,350.047,351.049,352.642,359.719,368.957,377.429,382.195,380.323,375.383,372.564,368.903,365.96,362.073,354.633,346.709,339.237,332.214
62,Estimates,South Africa,,710,Country,913,3032.666,3347.272,3700.96,4053.263,4479.908,4836.953,5495.71,5736.639,5372.617,5132.502,5258.107,5831.083,6035.707,5924.969,5798.396,5716.605,5692.225,5680.283,5602.521,5494.275,5365.989,5239.787,5136.17,5037.174,4940.46,4837.091,4726.431,4625.452,4535.576,4448.095
63,Estimates,Western Africa,,914,Subregion,947,17536.267,19298.536,21382.302,23739.338,26985.754,30793.751,34729.109,38522.227,42680.425,47776.279,53499.482,59363.689,65346.167,70423.321,75937.969,81903.089,87873.548,93491.904,98443.752,102666.578,106562.942,109820.01,112779.788,115173.475,117039.573,118305.602,118872.055,118958.194,118668.441,118000.333
64,Estimates,Benin,,204,Country,914,465.125,510.305,573.858,645.193,725.579,826.119,943.423,1078.287,1231.625,1384.385,1538.805,1719.855,1899.774,2065.662,2241.275,2424.222,2604.124,2774.413,2931.317,3079.737,3222.948,3362.4,3482.54,3592.656,3679.89,3746.803,3810.747,3854.765,3873.722,3867.871
65,Estimates,Burkina Faso,,854,Country,914,1037.684,1106.537,1179.264,1283.676,1399.367,1584.349,1782.105,1976.106,2227.497,2531.724,2854.123,3173.477,3437.548,3724.647,4029.135,4364.798,4694.265,4992.217,5247.757,5478.143,5670.958,5871.644,6053.399,6184.847,6287.666,6338.437,6370.614,6371.863,6348.844,6294.713
66,Estimates,Cabo Verde,,132,Country,914,45.634,48.291,50.772,53.803,54.726,56.217,62.67,68.632,69.07,61.246,57.775,55.285,55.26,53.195,50.19,46.95,44.734,43.201,41.84,40.287,38.627,36.964,35.368,34.11,32.866,31.713,30.541,29.383,28.293,27.323
67,Estimates,C?te d'Ivoire,,384,Country,914,794.701,903.303,1029.916,1202.415,1461.916,1806.832,2101.539,2415.375,2774.784,3190.711,3507.143,3698.896,4039.215,4451.418,4831.462,5199.252,5546.113,5897.074,6242.332,6573.366,6879.525,7154.268,7398.385,7615.966,7809.965,7971.518,8080.624,8149.025,8193.136,8193.844
68,Estimates,Gambia,,270,Country,914,78.765,85.737,93.043,104.309,118.708,140.528,161.899,202.039,240.972,266.99,300.287,343.716,392.02,436.224,471.407,502.056,528.171,551.924,571.569,586.795,596.133,602.33,606.605,606.492,606.234,603.575,598.108,589.627,579.288,569.781
69,Estimates,Ghana,,288,Country,914,1202.36,1438.776,1714.391,1939.295,2114.244,2275.081,2526.236,2842.839,3075.303,3345.304,3546.011,3836.176,4177.807,4356.347,4535.311,4712.081,4901.033,5093.54,5274.158,5415.666,5510.575,5582.045,5640.313,5672.99,5708.348,5684.202,5640.088,5560.613,5483.944,5387.53
70,Estimates,Guinea,,324,Country,914,734.53,781.656,831.786,899.814,992.979,1109.948,1255.689,1436.126,1610.647,1755.794,1869.254,1969.637,2088.808,2245.115,2431.992,2598.962,2738.471,2859.802,2971.764,3081.659,3179.942,3258.724,3328.78,3377.526,3409.956,3422.716,3417.239,3413.771,3375.099,3340.715
71,Estimates,Guinea-Bissau,,624,Country,914,127.8,128.791,133.009,142.664,159.944,180.024,207.243,220.901,234.735,244.61,261.954,285.725,310.532,327.805,341.46,355.864,371.714,387.016,402.489,413.409,421.799,427.747,433.671,436.878,438.853,437.868,435.616,430.689,424.939,417.991
72,Estimates,Liberia,,430,Country,914,227.949,257.785,288.559,320.592,365.536,420.493,483.237,492.571,455.579,535.533,631.882,686.361,744.171,791.483,849.588,905.652,955.191,998.306,1035.925,1066.714,1095.515,1119.808,1139.541,1150.135,1155.651,1152.288,1146.688,1135.139,1121.575,1100.287
73,Estimates,Mali,,466,Country,914,1250.531,1292.323,1356.782,1447.22,1565.297,1694.616,1841.366,1981.996,2205.621,2499.916,2889.663,3318.561,3634.677,3937.479,4309.099,4720.338,5092.393,5417.945,5660.521,5869.542,6052.664,6193.635,6308.195,6386.898,6403.265,6414.459,6379.28,6301.994,6215.902,6120.361
74,Estimates,Mauritania,,478,Country,914,168.329,197.455,222.725,250.316,282.57,317.069,353.752,392.588,427.756,476.254,533.561,600.91,677.593,736.369,791.675,846.999,903.655,964.447,1023.494,1079.734,1129.498,1173.629,1215.411,1257.245,1292.184,1326.159,1351.567,1370.562,1386.387,1393.486
75,Estimates,Niger,,562,Country,914,788.912,916.466,1063.717,1212.494,1367.59,1574.271,1831.61,2084.452,2415.536,2820.572,3290.771,3820.789,4442.609,5114.131,5895.999,6753.934,7647.43,8522.492,9356.905,10136.24,10862.669,11511.736,12109.57,12627.82,13053.468,13390.072,13668.06,13893.827,13988.822,14024.187
76,Estimates,Nigeria,,566,Country,914,9104.91,9989.421,11012.38,12155.238,14003.14,16155.725,18197.588,20078.765,22221.249,24908.514,28044.57,31181.18,34405.937,36886.425,39582.464,42575.119,45606.484,48417.856,50829.294,52753.263,54606.257,56034.467,57371.763,58428.958,59262.824,59814.095,59942.969,59867.544,59697.266,59373.503
77,Estimates,Senegal,,686,Country,914,676.482,759.015,865.572,995.031,1138.713,1278.712,1435.203,1538.816,1689.553,1850.554,2020.021,2290.261,2565.727,2720.091,2886.386,3081.767,3307.826,3544.113,3748.821,3928.236,4080.995,4234.924,4371.568,4505.83,4610.781,4703.066,4756.386,4783.543,4789.634,4783.178
78,Estimates,Sierra Leone,,694,Country,914,491.101,520.363,573.188,626.57,688.617,761.008,855.7,952.19,994.559,994.936,1104.446,1226.963,1243.167,1277.24,1303.561,1323.937,1340.519,1348.776,1353.163,1344.935,1330.248,1311.017,1288.089,1258.529,1225.58,1192.082,1158.49,1125.836,1091.463,1057.83
79,Estimates,Togo,,768,Country,914,340.461,361.254,392.468,459.768,545.971,611.94,689.004,759.974,805.378,908.71,1048.873,1155.625,1231.054,1299.394,1386.651,1490.843,1591.13,1678.521,1752.159,1818.608,1884.339,1944.42,1996.345,2036.367,2061.826,2076.339,2084.828,2079.803,2069.922,2047.536
80,Estimates,NORTHERN AFRICA AND WESTERN ASIA,,1833,SDG region,1828,25728.946,28333.543,31255.929,34050.011,37038.482,40425.261,44316.012,46264.772,46470.552,46309.206,47278.594,51140.014,56787.013,57546.082,56755.71,56229.408,56864.402,58326.91,59411.477,59677.898,59158.166,58439.806,57819.138,57322.327,56854.632,56243.4,55390.482,54293.077,53159.072,52124.32
81,Estimates,Northern Africa,,912,Subregion,1833,13051.01,14497.68,15992.491,17424.577,18763.866,20541.179,22428.144,23206.45,22731.268,22074.451,22497.562,24868.706,29072.709,29892.389,29324.216,29127.24,29959.032,31340.215,32321.843,32707.591,32641.511,32572.43,32595.817,32619.736,32554.941,32358.258,32014.502,31531.686,31016.961,30543.659
82,Estimates,Algeria,,12,Country,912,2337.677,2584.329,2920.315,3211.695,3623.859,4034.305,4247.935,4241.636,3928.418,3228.017,3081.634,3985.93,4784.239,5158.969,4666.982,4215.817,4041.613,4188.847,4452.358,4576.446,4466.641,4224.115,4025.614,3945.409,3966.432,3992.6,3939.569,3810.828,3664.621,3560.471
83,Estimates,Egypt,,818,Country,912,5607.527,6058.877,6464.137,7003.001,7396.169,8011.268,8950.855,9496.695,8995.311,8930.687,9099.625,10014.651,12642.133,12922.48,12648.393,12633.69,13328.865,14210.745,14610.466,14639.565,14537.751,14567.848,14668.768,14648.76,14475.317,14231.08,13990.455,13732.372,13473.099,13220.632
84,Estimates,Libya,,434,Country,912,302.09,342.918,398.422,498.945,588.857,640.887,656.351,672.889,622.569,586.697,590.262,653.192,681.263,631.411,590.945,554.974,535.634,536.847,541.268,534.351,512.151,485.405,465.234,454.447,449.213,442.951,430.434,413.905,397.933,386.283
85,Estimates,Morocco,,504,Country,912,2499.478,2939.154,3300.765,3409.926,3452.35,3652.033,3896.262,3693.902,3552.964,3241.892,3222.191,3290.394,3560.297,3409.201,3271.88,3143.381,3053.374,3006.546,2967.412,2897.882,2797.02,2682.724,2584.307,2503.961,2431.662,2358.14,2277.189,2194.488,2115.27,2039.757
86,Estimates,Sudan,,729,Country,912,1440.775,1642.591,1911.747,2246.32,2636.611,3078.958,3507.517,3934.678,4601.311,5167.627,5636.002,5992.618,6310.427,6694.834,7158.144,7679.142,8142.142,8531.651,8858.766,9162.885,9461.343,9793.384,10071.463,10302.642,10470.113,10575.171,10634.847,10663.434,10674.948,10664.679
87,Estimates,Tunisia,,788,Country,912,859.245,922.973,986.229,1038.72,1049.173,1098.843,1135.979,1131.465,993.566,880.771,822.979,881.645,1038.49,1018.469,928.987,840.443,796.935,803.956,828.519,832.013,801.328,753.149,714.031,697.422,694.173,689.37,672.262,646.133,619.817,599.858
88,Estimates,Western Sahara,,732,Country,912,4.218,6.838,10.876,15.97,16.847,24.885,33.245,35.185,37.129,38.76,44.869,50.276,55.86,57.025,58.885,59.793,60.469,61.623,63.054,64.449,65.277,65.805,66.4,67.095,68.031,68.946,69.746,70.526,71.273,71.979
89,Estimates,Western Asia,,922,Subregion,1833,12677.936,13835.863,15263.438,16625.434,18274.616,19884.082,21887.868,23058.322,23739.284,24234.755,24781.032,26271.308,27714.304,27653.693,27431.494,27102.168,26905.37,26986.695,27089.634,26970.307,26516.655,25867.376,25223.321,24702.591,24299.691,23885.142,23375.98,22761.391,22142.111,21580.661
90,Estimates,Armenia,,51,Country,922,246.263,341.301,355.226,290.222,301.556,342.436,391.784,406.07,323.742,211.85,203.412,220.933,219.475,208.501,182.909,160.677,151.723,154.259,158.246,154.108,142.95,131.154,124.024,121.923,121.527,118.756,112.626,105.284,99.322,95.475
91,Estimates,Azerbaijan,3,31,Country,922,622.667,805.55,956.832,878.578,786.608,775.638,886.652,1033.289,977.618,765.761,682.537,733.807,892.385,844.029,719.372,649.351,651.11,661.54,639.017,598.962,565.027,543.532,530.494,519.62,505.52,486.727,468.676,454.135,442.396,433.379
92,Estimates,Bahrain,,48,Country,922,28.043,33.736,39.848,41.566,42.198,51.718,64.186,71.852,70.772,70.962,79.361,92.281,104.287,109.031,111.265,112.039,112.097,106.662,100.914,97.717,96.867,96.862,95.995,94.326,92.231,90.597,89.876,89.738,89.669,89.477
93,Estimates,Cyprus,4,196,Country,922,71.144,71.389,71.572,60.079,59.445,63.207,71.675,71.898,73.595,65.681,60.315,62.648,64.269,62.755,57.752,54.977,55.094,56.212,56.56,55.729,54.24,53.106,53.079,54.021,54.829,55.115,54.908,54.695,54.978,55.724
94,Estimates,Georgia,5,268,Country,922,410.991,482.149,509.68,481.685,453.796,456.166,479.14,486.027,411.843,304.662,251.4,274.615,288.283,272.379,241.333,220.536,214.188,215.352,214.731,206.338,192.395,179.008,169.822,164.561,159.752,153.06,143.892,134.107,125.557,119.083
95,Estimates,Iraq,,368,Country,922,1629.2,1475.963,1709.573,2137.464,2360.654,2610.109,2849.028,3159.707,3493.829,3995.372,4399.306,4736.877,5375.12,5519.936,5865.562,6182.442,6458.458,6710.929,6911.114,7065.255,7186.743,7281.906,7327.401,7333.876,7314.802,7248.2,7151.078,7024.296,6897.934,6767.28
96,Estimates,Israel,,376,Country,922,243.19,256.419,290.012,335.672,419.249,459.372,459.102,480.899,520.04,598.905,660.167,734.718,820.617,848.837,851.84,869.004,906.062,951.498,994.026,1016.679,1019.78,1015.452,1016.146,1022.956,1034.463,1038.127,1032.103,1017.997,1004.261,994.337
97,Estimates,Jordan,,400,Country,922,137.971,199.345,281.401,376.57,462.183,474.946,525.162,583.848,707.028,787.928,846.484,972.571,1105.508,1073.232,1062.117,1016.706,993.186,972.25,933.881,884.83,849.13,831.283,815.8,793.129,764.675,732.664,703.31,681.705,665.858,647.01
98,Estimates,Kuwait,,414,Country,922,36.262,46.609,81.602,146.557,206.536,232.436,278.404,266.779,188.105,220.273,226.164,275.226,303.878,291.404,249.187,256.574,284.368,309.316,318.455,309.764,295.448,292.812,302.115,315.444,322.564,321.314,316.524,314.149,317.287,324.052
99,Estimates,Lebanon,,422,Country,922,288.01,326.375,362.869,369.654,381.987,392.79,370.698,370.413,429.773,436.446,397.785,375.817,501.802,586.681,544.751,463.981,400.416,363.945,349.854,347.923,347.794,339.552,322.633,304.327,290.93,283.71,279.179,272.388,262.622,250.888
100,Estimates,Oman,,512,Country,922,116.868,129.468,144.492,163.781,192.713,255.157,319.798,355.312,335.633,300.041,267.565,303.746,389.234,459.461,422.269,379.638,351.294,349.615,365.158,379.868,383.217,369.036,348.556,334.781,332.7,337.144,339.879,336.406,327.413,317.121
101,Estimates,Qatar,,634,Country,922,7.225,9.188,12.328,17.557,23.614,34.505,49.421,52.741,52.36,55.049,65.665,85.517,117.205,131.559,132.526,130.577,128.08,128.781,131.359,134.301,135.749,136.17,136.749,138.103,140.741,144.124,147.254,150.251,152.623,155.417
102,Estimates,Saudi Arabia,,682,Country,922,798.207,908.292,1062.294,1254.69,1536.363,1904.542,2464.373,2803.366,2906.882,2754.789,2805.219,2985.597,3077.367,2998.53,2828.437,2592.254,2438.117,2406.072,2435.386,2443.707,2369.363,2251.164,2139.355,2072.899,2056.206,2050.577,2026.387,1970.788,1904.945,1855.98
103,Estimates,State of Palestine,6,275,Country,922,220.446,244.348,294.163,298.095,298.134,334.508,366.925,435.406,538.368,595.007,606.643,648.657,705.988,708.469,735.356,753.533,774.211,790.96,802.608,808.557,805.895,800.212,789.929,777.709,761.99,746.209,728.733,710.587,691.92,673.784
104,Estimates,Syrian Arab Republic,,760,Country,922,931.059,1045.816,1183.644,1352.181,1606.383,1877.985,2106.998,2229.607,2251.222,2491.674,2646.154,2978.473,2564.066,2130.215,2158.379,2269.506,2233.701,2278.94,2361.67,2392.647,2320.806,2188.693,2065.75,2002.519,1980.212,1956.851,1906.989,1832.957,1755.313,1694.855
105,Estimates,Turkey,,792,Country,922,5634.06,6080.063,6384.962,6716.859,7256.239,7485.136,7634.72,7156.598,6872.612,6944.584,6723.759,6546.47,6516.387,6587.778,6368.809,6091.027,5866.741,5682.665,5511.42,5357.767,5167.458,4954.919,4750.267,4583.809,4440.992,4305.795,4162.248,4011.023,3860.186,3716.323
106,Estimates,United Arab Emirates,,784,Country,922,18.295,20.792,27.617,39.709,65.198,115.401,182.071,227.86,243.625,248.443,298.269,418.206,504.016,497.064,501.785,489.683,482.263,489.36,515.286,542.499,550.266,542.968,537.366,539.177,550.401,570.16,590.676,604.43,610.306,614.592
107,Estimates,Yemen,,887,Country,922,1238.035,1359.06,1495.323,1664.515,1821.76,2018.03,2387.731,2866.65,3342.237,3387.328,3560.827,3825.149,4164.417,4323.832,4397.845,4409.663,4404.261,4358.339,4289.949,4173.656,4033.527,3859.547,3697.84,3529.411,3375.156,3246.012,3121.642,2996.455,2879.521,2775.884
108,Estimates,CENTRAL AND SOUTHERN ASIA,,921,SDG region,1828,116955.746,127471.039,138721.227,149306.906,161840.595,175295.208,192736.269,202177.421,203573.511,204197.948,204021.976,202445.979,193530.88,192609.295,189274.781,184769.224,179569.765,173359.149,167403.344,162169.405,157431.496,152137.922,146844.41,141108.892,135803.442,131119.746,126619.109,122507.84,118249.33,114037.466
109,Estimates,Central Asia,,5500,Subregion,921,3511.146,4511.638,5279.116,5219.947,5712.253,6252.228,7093.251,7881.198,7529.411,6373.199,5991.301,7089.184,8130.58,8329.263,7663.569,7275.646,7507.234,7949.276,8083.93,7846.743,7568.244,7439.553,7420.152,7352.512,7207.933,7018.58,6833.522,6656.659,6485.135,6327.952
110,Estimates,Kazakhstan,,398,Country,5500,1253.322,1598.451,1841.867,1631.273,1760.744,1824.837,1959.333,2048.204,1661.253,1240.157,1255.615,1706.87,1912.795,1942.522,1719.224,1622.954,1684.501,1803.765,1866.049,1837.44,1760.334,1697.501,1678.066,1682.339,1679.761,1651.074,1603.883,1551.318,1513.532,1491.71
111,Estimates,Kyrgyzstan,,417,Country,5500,308.928,408.007,466.897,461.749,502.27,541.271,617.496,687.853,655.046,568.913,515.95,624.995,813.994,774.341,731.774,704.204,725.877,765.715,784.571,775.984,753.563,733.674,725.184,722.212,713.723,696.827,674.299,652.702,634.986,620.898
112,Estimates,Tajikistan,,762,Country,5500,355.28,464.937,547.756,590.041,656.434,723.865,885.48,1051.437,1034.043,980.253,957.479,1100.65,1285.125,1403.901,1356.382,1349.018,1477.767,1640.363,1701.648,1670.101,1677.772,1741.755,1803.287,1794.149,1752.728,1724.199,1714.221,1698.795,1658.646,1606.28
113,Estimates,Turkmenistan,,795,Country,5500,258.377,332.37,393.618,403.88,437.259,498.049,548.77,635.297,650.265,545.759,542.091,574.673,719.163,695.311,647.667,607.988,608.805,635.164,650.878,635.612,602.308,573.768,561.547,557.672,552.476,536.87,515.379,494.363,479.091,469.214
114,Estimates,Uzbekistan,,860,Country,5500,1335.239,1707.873,2028.978,2133.004,2355.546,2664.206,3082.172,3458.407,3528.804,3038.117,2720.166,3081.996,3399.503,3513.188,3208.522,2991.482,3010.284,3104.269,3080.784,2927.606,2774.267,2692.855,2652.068,2596.14,2509.245,2409.61,2325.74,2259.481,2198.88,2139.85
115,Estimates,Southern Asia,,5501,Subregion,921,113444.6,122959.401,133442.111,144086.959,156128.342,169042.98,185643.018,194296.223,196044.1,197824.749,198030.675,195356.795,185400.3,184280.032,181611.212,177493.578,172062.531,165409.873,159319.414,154322.662,149863.252,144698.369,139424.258,133756.38,128595.509,124101.166,119785.587,115851.181,111764.195,107709.514
116,Estimates,Afghanistan,,4,Country,5501,2015.476,2201.589,2439.13,2728.221,3056.451,3294.738,3164.281,3006.757,3701.778,4755.189,5394.05,5828.482,5898.49,6024.265,6118.618,6156.694,6148.908,6086.715,5965.37,5791.247,5612.012,5418.495,5205.02,4985.193,4774.123,4571.37,4379.592,4195.183,4017.995,3848.645
117,Estimates,Bangladesh,,50,Country,5501,9201.485,10798.694,12499.634,14319.003,15539.483,16513.386,17738.733,18161.619,17911.454,17713.318,17236.563,16057.962,15243.723,14732.419,14110.907,13219.463,12346.04,11560.358,10912.846,10381.16,9834.058,9308.198,8834.247,8411.193,8044.446,7697.032,7376.192,7058.789,6768.707,6495.468
118,Estimates,Bhutan,,64,Country,5501,44.909,51.966,58.962,68.11,77.302,86.182,93.456,100.692,94.262,84.251,75.917,70.003,64.44,65.573,62.394,57.467,52.218,47.795,45.144,43.482,41.555,38.911,36.024,33.414,31.437,29.96,28.548,26.87,25.04,23.248
119,Estimates,India,,356,Country,5501,85613.717,91482.04,98225.155,104822.411,113184.222,121169.424,131822.788,136793.293,137918.259,139249.384,139070.781,135811.549,124419.959,121188.663,119706.518,117610.423,113920.458,108162.546,102533.214,98476.99,95590.293,92533.533,89125.939,85116.675,81354.222,78309.837,75639.597,73370.868,70907.64,68311.776
120,Estimates,Iran (Islamic Republic of),,364,Country,5501,4615.234,5045.988,5432.579,5815.79,6326.136,7605.45,9546.656,9856.608,7722.776,6068.863,5886.765,6391.868,7045.954,7757.508,7060.548,6375.503,5996.228,5984.844,6140.513,6262.165,6189.05,5903.748,5578.731,5376.582,5312.818,5308.731,5264.402,5129.763,4936.494,4739.352
121,Estimates,Maldives,,462,Country,5501,16.641,22.414,26.322,28.596,30.362,32.982,42.087,46.593,42.859,33.489,29.067,34.524,37.652,35.839,32.116,27.804,26.273,27.284,28.383,27.651,25.503,23.439,22.548,22.643,22.849,22.434,21.392,20.261,19.571,19.265
122,Estimates,Nepal,,524,Country,5501,2129.144,2225.646,2316.758,2478.668,2702.929,2997.358,3276.938,3532.518,3763.323,3899.833,3550.596,3171.528,2940.964,2810.207,2797.685,2578.231,2308.384,2068.998,1913.401,1804.647,1684.234,1542.149,1415.504,1313.273,1227.219,1148.968,1070.653,994.899,922.726,855.702
123,Estimates,Pakistan,,586,Country,5501,8234.406,9337.259,10598.549,11903,13320.108,15344.381,17943.327,20966.33,23130.234,24308.035,25006.241,26162.255,27983.403,29970.376,30151.909,29959.143,29785.973,30032.886,30413.945,30260.252,29696.967,28806.432,28135.181,27479.695,26874.722,26129.97,25189.529,24296.486,23459.161,22759.507
124,Estimates,Sri Lanka,,144,Country,5501,1573.588,1793.805,1845.022,1923.16,1891.349,1999.079,2014.752,1831.813,1759.155,1712.387,1780.695,1828.624,1765.715,1695.182,1570.517,1508.85,1478.049,1438.447,1366.598,1275.068,1189.58,1123.464,1071.064,1017.712,953.673,882.864,815.682,758.062,706.861,656.551
125,Estimates,EASTERN AND SOUTH-EASTERN ASIA,,1832,SDG region,1828,180337.358,178779.773,204089.402,225594.138,216093.227,183660.084,186560.581,214174.023,179360.999,162754.352,155921.264,156462.667,158336.544,152434.331,142632.594,135609.701,131351.066,128380.447,126046.68,122643,118530.475,114367.159,110700.438,107649.057,104885.308,102162.402,99182.576,96032.605,93051.276,90406.075
126,Estimates,Eastern Asia,,906,Subregion,1832,141977.197,134401.27,154981.346,172520.368,160143.161,125710.854,126314.734,153889.126,119493.664,105631.482,97658.471,97642.671,99330.594,95153.345,86784.338,81022.421,78326.017,76719.347,75533.584,73370.1,70706.183,68071.301,65903.439,64263.889,62751.669,61224.626,59466.163,57580.358,55821,54313.607
127,Estimates,China,7,156,Country,906,123951.348,115939.194,136427.207,153196.583,139984.709,108312.505,109976.042,139476.275,105286.629,92223.915,85738.769,86434.191,88181.934,84889.903,77100.153,71651.553,69185.537,67936.661,66990.303,64979.986,62592.317,60244.4,58270.633,56778.471,55414.015,54026.938,52411.201,50700.37,49117.132,47739.817
128,Estimates,"China, Hong Kong SAR",8,344,Country,906,434.291,498.98,538.164,396.631,383.755,384.542,386.818,363.085,364.871,316.262,282.103,310.623,370.968,406.908,411.66,385.423,340.133,303.813,296.176,313.575,341.045,360.4,360.706,343.928,326.597,322.845,333.238,349.73,360.543,361.656
129,Estimates,"China, Macao SAR",9,446,Country,906,35.208,30.713,23.342,15.974,13.033,13.021,27.63,34.57,27.511,22.409,17.458,22.525,31.924,34.502,34.142,30.631,28.362,29.703,33.345,36.698,37.944,37.811,37.615,38.596,40.533,42.697,44.376,45.254,45.868,46.775
130,Estimates,"China, Taiwan Province of China",,158,Country,906,1919.571,2066.229,2162.417,2068.415,1963.063,2073.944,1953.416,1637.318,1627.503,1521.298,1209.352,966.762,1009.964,997.858,1001.741,990.352,947.99,864.499,794.71,783.746,798.231,809.606,808.086,785.213,747.535,713.696,703.271,709.071,717.573,717.038
131,Estimates,Dem. People's Republic of Korea,,408,Country,906,1304.537,2161.77,1950.486,2598.149,2504.538,1758.067,1972.461,2010.608,2180.41,2130.302,1969.274,1754.748,1730.06,1775.899,1760.143,1701.64,1591.274,1488.858,1444.485,1450.485,1437.749,1390.638,1317.829,1248.166,1209.345,1199.487,1185.694,1152.923,1101.995,1052.94
132,Estimates,Japan,,392,Country,906,10126.11,8330.857,8404.482,9110.251,10277.141,8701.997,7691.956,6819.539,6170.098,5981.019,5689.177,5570.693,5387.738,4766.941,4391.359,4234.325,4195.927,4166.337,4101.332,3951.562,3736.867,3553.834,3456.087,3421.239,3394.347,3336.104,3236.574,3120.441,3019.926,2956.589
133,Estimates,Mongolia,,496,Country,906,163.736,194.831,247.495,267.664,297.374,314.13,344.594,372.822,307.862,248.935,232.989,294.45,373.224,383.518,348.831,327.236,327.33,340.793,355.549,363.652,357.828,344.362,333.717,331.038,332.105,332.422,328.964,321.213,312.604,305.391
134,Estimates,Republic of Korea,,410,Country,906,4042.396,5178.696,5227.753,4866.701,4719.548,4152.648,3961.817,3174.909,3528.78,3187.342,2519.349,2288.679,2244.782,1897.816,1736.309,1701.261,1709.464,1588.683,1517.684,1490.396,1404.202,1330.25,1318.766,1317.238,1287.192,1250.437,1222.845,1181.356,1145.359,1133.401
135,Estimates,South-Eastern Asia,,920,Subregion,1832,38360.161,44378.503,49108.056,53073.77,55950.066,57949.23,60245.847,60284.897,59867.335,57122.87,58262.793,58819.996,59005.95,57280.986,55848.256,54587.28,53025.049,51661.1,50513.096,49272.9,47824.292,46295.858,44796.999,43385.168,42133.639,40937.776,39716.413,38452.247,37230.276,36092.468
136,Estimates,Brunei Darussalam,,96,Country,920,13.671,17.127,19.621,21.475,26.682,29.72,32.119,36.177,39.363,37.8,37.404,32.784,35.139,31.955,29.772,27.909,26.383,25.479,25.034,24.373,23.187,21.963,20.963,20.27,19.818,19.398,18.79,18.053,17.334,16.805
137,Estimates,Cambodia,,116,Country,920,1161.198,1272.842,1400.303,1484.776,1527.432,1445.105,1823.746,1927.604,1865.554,1753.447,1681.464,1810.724,1829.198,1831.645,1760.78,1700.202,1688.418,1688.5,1652.071,1589.484,1517.79,1467.054,1424.097,1372.588,1313.355,1254.689,1201.46,1155.178,1111.37,1067.15
138,Estimates,Indonesia,,360,Country,920,15689.144,18504.598,20481.082,22305.415,23483.869,24305.569,24800.555,23782.181,23109.991,22279.328,24099.43,24937.772,25131.957,24208.402,23569.127,23116.749,22719.28,22308.103,21790.268,21157.923,20513.27,19906.44,19353.99,18813.667,18293.742,17754.001,17200.177,16648.334,16150.358,15690.306
139,Estimates,Lao People's Democratic Republic,,418,Country,920,406.157,439.953,483.975,543.77,618.839,673.77,745.081,858.728,944.977,885.507,826.941,844.417,831.766,834.979,806.995,773.297,741.292,714.855,687.146,654.977,620.947,589.926,561.479,535.223,509.555,484.238,460.569,438.008,416.48,396.414
140,Estimates,Malaysia,10,458,Country,920,1427.848,1625.823,1845.383,1809.912,1882.603,2040.807,2282.646,2430.659,2618.311,2692.353,2373.618,2374.171,2506.214,2636.421,2647.388,2556.695,2417.403,2287.349,2225.266,2219.415,2226.888,2191.479,2114.784,2030.845,1973.379,1943.545,1932.427,1914.245,1877.743,1829.331
141,Estimates,Myanmar,,104,Country,920,4357.677,4598.621,4907.238,5273.907,5617.635,5915.487,6127.676,5836.203,5549.566,5639.908,5749.494,5276.888,4812.829,4738.387,4658.915,4598.291,4477.195,4276.322,4078.973,3913.215,3796.652,3708.172,3605.348,3485.626,3359.294,3237.454,3140.54,3059.814,2985.613,2903.986
142,Estimates,Philippines,,608,Country,920,4953.775,5529.753,6147.739,6736.06,7374.108,8277.796,9066.47,9905.856,10506.668,11165.064,11835.163,11660.094,11811.752,10889.397,11082.532,11169.759,11092.749,10814.394,10539.337,10239.51,9879.678,9554.2,9255.047,8951.389,8638.495,8309.011,7984.728,7685.647,7408.48,7156.911
143,Estimates,Singapore,,702,Country,920,269.941,310.795,293.526,249.46,239.16,197.866,217.513,254.083,285.337,269.696,235.702,237.44,255.308,250.294,248.612,239.349,222.337,207.162,202.414,207.928,214.538,215.001,210.145,204.334,201.182,202.43,205.618,207.528,207.703,206.31
144,Estimates,Thailand,,764,Country,920,4718.427,5477.465,6252.793,6939.192,6871.382,6506.581,6012.529,5555.555,5273.042,4800.955,4350.392,4092.63,3819.154,3622.935,3339.41,3118.158,2961.634,2841.569,2715.091,2597.397,2489.224,2390.977,2308.922,2238.018,2175.83,2113.96,2052.847,1995.344,1943.273,1896.578
145,Estimates,Timor-Leste,,626,Country,920,96.263,104.541,114.255,120.285,125.203,112.923,126.82,142.74,167.821,171.878,182.475,172.748,167.285,186.979,193.004,194.544,191.176,186.213,183.572,184.529,183.371,178.517,170.91,163.104,157.017,152.204,147.606,141.643,134.842,128.014
146,Estimates,Viet Nam,,704,Country,920,5266.06,6496.985,7162.141,7589.518,8183.153,8443.606,9010.692,9555.111,9506.705,7426.934,6890.71,7380.328,7805.348,8049.592,7511.721,7092.327,6487.182,6311.154,6413.924,6484.149,6358.747,6072.129,5771.314,5570.104,5491.972,5466.846,5371.651,5188.453,4977.08,4800.663
147,Estimates,LATIN AMERICA AND THE CARIBBEAN,,1830,SDG region,1828,38399.428,43003.97,47993.695,50980.73,53264.581,56555.251,58989.343,59612.54,59517.617,58847.758,56887.582,54566.688,53754.486,52746.134,51004.237,49078.487,47220.369,45420.74,43860.511,42519.152,41102.15,39659.161,38265.035,36923.624,35714.004,34595.816,33539.857,32491.145,31471.496,30501.669
148,Estimates,Caribbean,,915,Subregion,1830,3526.844,3749.094,4303.644,4244.97,4152.884,3931.393,4158.943,4260.758,4133.489,4033.386,3900.158,3802.565,3757.531,3583.373,3424.562,3296.18,3183.89,3068.744,2950.832,2827.879,2703.977,2587.628,2480.608,2378.961,2273.746,2173.942,2077.398,1985.676,1899.433,1816.439
149,Estimates,Antigua and Barbuda,,28,Country,915,7.983,8.679,8.977,9.026,7.784,5.734,5.75,5.759,6.214,7.227,7.567,7.22,7.38,7.4,7.119,6.841,6.577,6.449,6.373,6.29,6.113,5.903,5.727,5.593,5.48,5.376,5.243,5.099,4.971,4.858
150,Estimates,Aruba,,533,Country,915,9.055,9.389,9.181,7.641,6.854,6.792,6.861,6.506,6.463,6.556,6.314,5.899,5.695,6.152,6.451,6.678,6.677,6.323,5.94,5.763,5.824,5.911,5.887,5.718,5.497,5.331,5.279,5.272,5.25,5.16
151,Estimates,Bahamas,,44,Country,915,14.12,16.858,20.958,20.374,24.337,24.852,30.208,29.55,31.64,29.058,24.323,26.45,26.418,26.929,27.222,27.272,26.691,25.951,25.485,24.982,24.388,24.078,23.929,23.748,23.484,23.151,22.931,22.722,22.567,22.449
152,Estimates,Barbados,,52,Country,915,37.72,36.161,33.966,27.852,24.815,22.423,22.399,21.29,20.421,19.24,18.576,17.437,15.758,15.31,15.208,15.132,14.811,14.142,13.322,12.688,12.372,12.23,11.994,11.589,11.108,10.663,10.313,10.082,9.864,9.578
153,Estimates,Cuba,,192,Country,915,984.351,971.15,1342.667,1303.701,1212.627,845.132,826.413,918.334,800.092,763.566,686.073,622.033,635.945,578.587,531.205,494.605,470.954,452.734,433.288,412.746,391.672,372.426,356.707,343.252,330.558,317.503,304.193,291.952,280.482,270.499
154,Estimates,Cura?ao,,531,Country,915,20.151,21.67,19.905,19.035,16.317,15.443,15.153,15.312,13.521,10.502,9.433,9.389,10.087,8.774,8.814,8.951,8.986,8.825,8.56,8.287,8.131,8.117,8.12,8.066,7.958,7.831,7.744,7.721,7.713,7.697
155,Estimates,Dominican Republic,,214,Country,915,699.303,812.428,889.155,927.913,950.629,973.602,1007.446,1036.918,1068.536,1053.832,1045.539,1034.169,1042.49,1039.855,998.101,950.717,909.419,873.672,839.434,800.221,761.679,725.184,689.092,657.152,624.993,595.84,566.676,538.331,511.867,485.717
156,Estimates,Grenada,,308,Country,915,15.703,19.622,18.882,13.675,13.609,13.533,15.352,15.476,12.051,10.129,9.153,9.259,9.36,9.216,8.553,7.689,7.167,7.076,7.03,6.758,6.284,5.809,5.482,5.307,5.142,4.911,4.63,4.334,4.083,3.895
157,Estimates,Guadeloupe,,312,Country,915,45.364,49.031,51.312,51.165,46.095,39.009,33.131,37.999,36.085,35.196,33.267,29.942,25.594,23.453,22.693,24,24.88,23.59,21.264,19.791,19.518,19.883,20.053,19.435,18.249,17.107,16.528,16.367,16.25,15.848
158,Estimates,Haiti,,332,Country,915,769.259,822.844,886.067,914.275,940.102,1081.466,1284.951,1305.265,1316.584,1336.043,1354.51,1370.917,1375.507,1355.329,1332.078,1298.05,1264.584,1233.115,1201.539,1166.538,1126.429,1083.714,1043.459,1004.183,963.472,925.776,889.399,853.395,818.58,784.991
159,Estimates,Jamaica,,388,Country,915,252.682,311.026,344.472,344.112,315.798,303.915,322.154,312.808,302.562,295.521,269.576,256.789,243.486,237.437,225.713,210.201,195.366,182.88,172.906,164.54,155.214,144.547,134.063,124.365,115.673,107.854,100.108,92.115,83.91,76.133
160,Estimates,Martinique,,474,Country,915,48.583,51.435,52.375,50.834,42.343,29.995,28.397,31.467,29.943,29.096,28.2,26.505,22.212,18.668,17.882,18.616,19.114,18.003,15.983,14.629,14.268,14.386,14.429,13.895,12.862,11.816,11.204,10.986,10.861,10.519
161,Estimates,Puerto Rico,,630,Country,915,411.006,388.335,387.348,343.504,341.848,351.321,324.73,309.273,304.046,277.843,255.591,230.879,185.411,115.128,94.505,106.706,111.538,100.933,88.011,78.115,71.216,69.063,68.118,65.272,60.228,54.87,50.496,47.565,45.647,43.632
162,Estimates,Saint Lucia,,662,Country,915,19.896,22.304,21.369,20.623,19.822,21.29,20.366,19.969,18.622,16.46,12.771,11.594,11.205,10.979,10.301,9.342,8.508,7.897,7.541,7.318,7.055,6.717,6.392,6.112,5.911,5.747,5.586,5.423,5.25,5.077
163,Estimates,Saint Vincent and the Grenadines,,670,Country,915,17.381,18.896,19.297,18.655,17.793,16.067,14.972,13.691,12.92,11.562,10.094,9.323,8.361,7.888,7.579,7.199,6.792,6.391,6.034,5.7,5.4,5.123,4.856,4.6,4.357,4.125,3.913,3.703,3.506,3.315
164,Estimates,Trinidad and Tobago,,780,Country,915,137.317,150.115,158.202,129.721,131.654,143.911,163.075,141.445,112.001,95.006,95.602,100.71,99.503,90.738,80.685,74.6,72.811,72.33,70.224,66.107,61.669,58.449,56.674,55.38,53.807,51.452,49.023,46.907,45.281,43.997
165,Estimates,United States Virgin Islands,,850,Country,915,4.804,5.594,8.588,13.314,14.508,13.032,12.406,12.45,11.161,8.394,7.807,8.419,7.311,6.16,5.783,5.525,5.39,5.082,4.668,4.291,3.881,3.501,3.218,2.955,2.679,2.362,2.029,1.721,1.444,1.198
166,Estimates,Central America,,916,Subregion,1830,9811.116,11103.295,12478.322,14179.313,15640.254,16318.452,16630.437,17086.106,17281.36,17257.389,17014.062,16585.04,16596.788,16316.591,15956.804,15449.076,14917.736,14405.581,13936.186,13488.019,13015.659,12559.159,12135.138,11722.587,11327.23,10966.938,10613.97,10276.16,9948.929,9647.852
167,Estimates,Belize,,84,Country,916,19.049,20.097,21.63,24.077,26.791,29.397,30.809,32.806,33.935,35.411,37.776,37.083,38.733,39.612,40.787,40.465,39.441,38.334,37.373,36.535,35.748,34.871,33.993,33.096,32.299,31.617,31.047,30.536,29.993,29.409
168,Estimates,Costa Rica,,188,Country,916,222.88,281.141,322.105,311.039,294.34,334.925,382.797,424.018,422.353,400.703,365.022,358.244,361.212,350.737,329.978,308.588,295.473,285.162,276.991,269.414,260.073,249.937,240.942,233.839,227.981,222.821,216.902,211.157,204.921,199.656
169,Estimates,El Salvador,,222,Country,916,537.572,615.773,696.117,755.969,817.841,862.224,843.492,821.414,824.802,786.001,676.812,625.401,597.536,588.734,562.966,523.911,483.3,448.906,422.152,398.505,374.713,349.887,324.9,301.443,280.478,261.952,244.007,226.231,208.469,190.88
170,Estimates,Guatemala,,320,Country,916,884.221,978.468,1067.784,1198.45,1358.646,1527.124,1657.657,1725.71,1902.85,2014.952,2089.449,2021.789,2055.174,2115.201,2151.785,2152.899,2135.022,2096.078,2059.307,2017.924,1976.192,1927.069,1872.582,1816.19,1760.401,1709.34,1654.793,1609.12,1556.932,1508.903
171,Estimates,Honduras,,340,Country,916,431.786,484.768,538.154,614.76,685.775,771.776,848.168,915.795,999.478,1100.607,1102.026,1067.42,1019.624,1036.662,1046.238,1032.336,1000.536,964.735,929.416,901.508,872.722,847.125,817.741,789.176,759.403,734.72,712.354,691.157,670.487,651.06
172,Estimates,Mexico,,484,Country,916,7140.268,8060.129,9108.711,10481.201,11559.768,11801.32,11801.354,12091.832,12026.012,11870.45,11704.032,11415.335,11446.708,11120.355,10785.969,10375.123,9966.543,9594.101,9254.549,8934.641,8598.857,8281.184,8003.397,7732.982,7475.635,7240.66,7014.642,6791.211,6584.667,6395.898
173,Estimates,Nicaragua,,558,Country,916,384.804,442.886,473.796,519.126,602.065,689.077,756.492,754.14,741.645,699.247,678.867,684.339,685.645,670.224,638.886,614.896,598.465,583.475,566.936,545.807,522.039,500.605,480.878,463.016,445.883,428.508,411.027,394.409,378.338,363.987
174,Estimates,Panama,,591,Country,916,190.536,220.033,250.025,274.691,295.028,302.609,309.668,320.391,330.285,350.018,360.078,375.429,392.156,395.066,400.195,400.858,398.956,394.79,389.462,383.685,375.315,368.481,360.705,352.845,345.15,337.32,329.198,322.339,315.122,308.059
175,Estimates,South America,,931,Subregion,1830,25061.468,28151.581,31211.729,32556.447,33471.443,36305.406,38199.963,38265.676,38102.768,37556.983,35973.362,34179.083,33400.167,32846.17,31622.871,30333.231,29118.743,27946.415,26973.493,26203.254,25382.514,24512.374,23649.289,22822.076,22113.028,21454.936,20848.489,20229.309,19623.134,19037.378
176,Estimates,Argentina,,32,Country,931,2279.824,2388.679,2486.091,2624.364,2950.833,3444.836,3398.785,3545.268,3668.24,3585.177,3626.381,3667.414,3760.953,3776.183,3735.244,3694.839,3637.199,3585.287,3526.017,3469.026,3403.26,3327.661,3254.66,3180.182,3112.446,3042.295,2976.549,2909.112,2835.458,2768.503
177,Estimates,Bolivia (Plurinational State of),,68,Country,931,714.225,768.677,838.35,909.929,991.567,1068.268,1116.504,1188.315,1234.528,1265.558,1280.923,1263.709,1250.965,1233.184,1244.076,1244.704,1229.882,1210.461,1183.123,1156.191,1127.667,1104.665,1075.456,1043.145,1009.462,976.684,948.495,919.609,892.701,864.311
178,Estimates,Brazil,,76,Country,931,12779.596,14390.612,16084.997,16599.314,16938.481,18476.374,19744.534,18898.988,18217.142,18088.521,16847.663,15330.508,14876.876,14672.301,13816.602,12926.031,12225.188,11590.865,11092.003,10717.106,10330.421,9918.453,9529.785,9157.894,8856.272,8582.142,8334.423,8079.418,7842.084,7597.889
179,Estimates,Chile,,152,Country,931,1304.925,1404.369,1470.957,1437.925,1384.459,1356.159,1351.28,1446.634,1481.381,1338.993,1221.67,1232.986,1247.147,1155.723,1117.419,1047.254,1002.55,976.321,962.994,947.248,916.258,879.594,850.634,830.716,816.103,802.268,788.75,769.881,749.678,733.483
180,Estimates,Colombia,,170,Country,931,2984.51,3459.333,3915.251,4010.996,3835.442,4111.003,4267.935,4371.075,4597.507,4474.979,4306.994,3908.675,3728.416,3697.363,3542.571,3292.574,3112.746,2961.467,2839.505,2740.547,2630.06,2526.045,2420.588,2329.155,2248.351,2179.132,2107.081,2038.466,1970.314,1907.213
181,Estimates,Ecuador,,218,Country,931,846.001,951.904,1067.997,1193.689,1288.858,1350.306,1422.975,1501.176,1559.091,1619.362,1600.87,1594.079,1637.268,1680.568,1680.404,1641.498,1608.549,1579.147,1547.229,1508.939,1465.37,1425.405,1379.269,1338.23,1298.795,1261.345,1223.146,1188.279,1152.235,1120.884
182,Estimates,French Guiana,,254,Country,931,4.91,4.993,5.596,7.033,7.903,7.954,11.08,15.239,20.032,22.189,25.661,30.487,32.647,35.771,37.705,40.042,42.48,44.428,46.041,48.055,50.073,51.664,52.813,53.829,54.409,54.925,55.408,55.913,56.153,56.284
183,Estimates,Guyana,,328,Country,931,99.723,118.431,124.085,126.065,126.589,118.557,120.561,107.428,106.408,101.932,90.189,80.47,79.938,77.961,74.876,70.881,67.049,63.008,59.539,56.379,53.008,49.198,45.472,41.936,38.589,35.408,32.256,29.117,25.946,22.99
184,Estimates,Paraguay,,600,Country,931,349.066,381.647,419.963,456.895,469.687,539.864,629.277,689.842,716.988,733.481,698.43,705.331,702.783,715.787,712.764,695.975,675.651,657.392,639.968,622.02,601.525,577.989,556.078,534.142,513.566,494.777,474.89,455.531,437.912,421.044
185,Estimates,Peru,,604,Country,931,1993.55,2252.518,2522.585,2744.978,2939.818,3093.724,3244.522,3384.133,3335.532,3141.598,3045.724,3121.021,2857.958,2870.455,2858.342,2721.332,2597.501,2504.32,2442.53,2393.66,2330.183,2250.777,2170.13,2087.431,2024.127,1968.427,1916.624,1859.55,1801.963,1746.696
186,Estimates,Suriname,,740,Country,931,54.595,60.819,68.439,68.966,63.63,54.29,54.482,55.553,57.174,56.024,55.82,54.352,54.211,53.468,52.311,50.982,49.59,48.076,46.578,45.055,43.574,41.954,40.428,38.839,37.351,35.823,34.405,32.977,31.618,30.324
187,Estimates,Uruguay,,858,Country,931,244.662,269.181,286.534,281.65,297.85,290.142,271.777,279.052,287.89,275.975,262.227,242.394,241.88,239.654,232.293,225.02,216.417,208.313,201.932,196.675,191.382,185.6,179.239,173.46,168.16,163.288,158.841,154.288,149.729,145.121
188,Estimates,Venezuela (Bolivarian Republic of),,862,Country,931,1405.67,1700.194,1920.627,2094.399,2176.134,2393.785,2566.121,2782.844,2820.71,2853.029,2910.646,2947.491,2928.973,2637.593,2518.091,2681.929,2653.776,2517.168,2385.875,2302.199,2239.584,2173.222,2094.593,2012.977,1935.258,1858.286,1797.491,1737.041,1677.218,1622.513
189,Estimates,AUSTRALIA/NEW ZEALAND,,927,SDG region,1828,1254.84,1400.889,1462.958,1510.466,1579.997,1388.251,1430.593,1507.91,1583.415,1531.594,1537.006,1778.094,1849.27,1889.64,1882.355,1861.163,1865.056,1908.961,1982.994,2049.572,2089.469,2106.754,2116.556,2142.143,2185.842,2236.942,2283.141,2313.673,2340.275,2364.53
190,Estimates,Australia,11,36,Country,927,996.415,1103.42,1154.675,1201.213,1270.112,1123.618,1176.509,1231.577,1290.485,1250.473,1253.556,1460.511,1541.522,1591.568,1582.468,1562.717,1569.916,1615.631,1690.084,1758.542,1801.006,1820.012,1831.319,1858.396,1903.358,1955.41,2002.834,2034.683,2061.698,2087.015
191,Estimates,New Zealand,,554,Country,927,258.425,297.469,308.283,309.253,309.885,264.633,254.084,276.333,292.93,281.121,283.45,317.583,307.748,298.072,299.887,298.446,295.14,293.33,292.91,291.03,288.463,286.742,285.237,283.747,282.484,281.532,280.307,278.99,278.577,277.515
192,Estimates,OCEANIA (EXCLUDING AUSTRALIA AND NEW ZEALAND),,1835,SDG region,1828,650.33,704.623,763.383,821.276,904.801,998.031,1080.134,1135.629,1215.738,1325.208,1389.643,1446.685,1495.413,1546.483,1599.823,1656.388,1710.417,1750.609,1785.169,1812.454,1831.763,1847.494,1854.944,1854.671,1842.427,1829.034,1803.215,1774.427,1744.145,1710.785
193,Estimates,Melanesia,,928,Subregion,1835,556.008,599.23,646.859,699.647,781.341,868.561,939.929,985.577,1065.535,1178.827,1249.058,1311.201,1367.805,1424.147,1479.053,1536.13,1590.91,1632.345,1668.606,1698.609,1721.278,1740.321,1750.966,1753.487,1744.374,1734.687,1713.076,1688.594,1662.46,1632.939
194,Estimates,Fiji,,242,Country,928,72.502,86.274,90.621,88.158,90.643,102.229,111.401,107.113,105.833,101.73,97.865,94.33,96.16,94.754,89.757,87.056,86.718,86.308,84.963,83.214,81.151,78.614,76.006,73.626,71.471,69.191,66.803,64.362,61.894,59.493
195,Estimates,New Caledonia,,540,Country,928,11.559,12.542,14.423,17.426,21.562,19.752,18.993,19.791,21.846,22.201,21.239,21.943,21.659,19.883,19.771,19.853,20.014,19.889,19.474,18.947,18.495,18.223,18.161,18.062,17.88,17.565,17.26,17.03,16.886,16.772
196,Estimates,Papua New Guinea,,598,Country,928,439.948,463.426,499.273,545.227,607.839,676.347,732.844,773.533,844.847,955,1019.955,1074.018,1113.671,1160.942,1214.282,1264.693,1307.333,1336.42,1363.997,1387.042,1403.499,1417.976,1424.079,1423.265,1411.672,1401.166,1380.882,1358.469,1335.901,1310.018
197,Estimates,Solomon Islands,,90,Country,928,18.909,22.266,26.159,31.454,42.34,48.793,53.136,59.777,65.081,70.019,77.374,84.56,96.145,105.491,109.987,116.649,125.801,135.512,143.176,149.922,156.618,162.043,167.247,171.396,175.14,177.707,178.681,178.981,178.324,177.255
198,Estimates,Vanuatu,,548,Country,928,13.09,14.722,16.383,17.382,18.957,21.44,23.555,25.363,27.928,29.877,32.625,36.35,40.17,43.077,45.256,47.879,51.044,54.216,56.996,59.484,61.515,63.465,65.473,67.138,68.211,69.058,69.45,69.752,69.455,69.401
199,Estimates,Micronesia,,954,Subregion,1835,32.957,37.761,42.671,44.296,46.671,50.734,56.883,63.942,65.704,66.241,62.576,59.746,57.068,56.085,56.165,55.946,54.998,53.549,52.325,51.328,50.35,49.035,47.208,45.421,43.802,42.388,40.907,39.233,37.323,35.477
200,Estimates,Guam,,316,Country,954,9.668,11.383,13.646,12.942,13.973,14.775,14.981,16.73,16.566,17.285,16.245,14.577,14.024,13.736,13.838,13.634,13.186,12.576,12.03,11.636,11.338,11.004,10.553,10.057,9.577,9.116,8.762,8.416,8.049,7.649
201,Estimates,Kiribati,,296,Country,954,8.026,9.339,9.966,9.351,8.611,10.1,11.355,12.71,13.335,12.898,13.186,14.404,15.791,16.169,16.063,15.82,15.784,16.366,17.247,17.705,17.642,17.317,16.96,16.986,17.176,17.281,16.975,16.439,15.8,15.382
202,Estimates,Micronesia (Fed. States of),,583,Country,954,8.374,9.226,10.347,11.933,12.441,13.011,15.583,16.161,16.737,16.881,15.023,13.007,12.54,12.795,13.176,13.175,12.602,11.801,11.256,10.98,10.857,10.543,9.934,9.176,8.47,7.98,7.636,7.266,6.756,6.159
203,Estimates,Polynesia,12,957,Subregion,1835,61.365,67.632,73.853,77.333,76.789,78.736,83.322,86.11,84.499,80.14,78.009,75.738,70.54,66.251,64.605,64.312,64.509,64.715,64.238,62.517,60.135,58.138,56.77,55.763,54.251,51.959,49.232,46.6,44.362,42.369
204,Estimates,French Polynesia,,258,Country,957,14.881,16.024,16.668,18.385,20.671,22.5,25.018,28.444,27.159,24.692,24.019,23.008,21.778,20.534,19.352,18.474,17.789,17.254,16.594,15.935,15.299,14.738,14.231,13.75,13.273,12.803,12.34,11.919,11.54,11.164
205,Estimates,Samoa,,882,Country,957,22.795,24.736,27.867,29.083,29.251,28.957,28.596,27.671,26.766,27.202,26.268,26.723,25.18,24.042,23.843,24.451,25.469,26.686,27.503,27.123,25.985,24.976,24.554,24.597,24.357,23.458,22.098,20.675,19.549,18.678
206,Estimates,Tonga,,776,Country,957,12.107,13.924,15.561,15.989,14.287,15.32,16.295,14.865,14.939,13.734,14.194,14.467,13.492,12.623,12.582,12.891,13.215,13.272,13.081,12.716,12.351,12.165,12,11.726,11.241,10.629,10.029,9.516,9.055,8.575
207,Estimates,EUROPE AND NORTHERN AMERICA,,1829,SDG region,1828,82433.429,85314.542,81887.825,74354.909,70594.71,68933.357,70003.669,69973.901,63671.866,58550.763,58787.448,62568.346,61895.577,60285.479,58733.764,57211.199,56439.735,56703.863,57161.488,57087.92,56456.683,55689.28,55149.325,55012.243,55145.983,55271.403,55183.269,54877.086,54535.151,54339.543
208,Estimates,EUROPE,,917,SDG subregion,1829,60499.321,61675.635,59250.333,54411.333,52100.461,50597.246,50152.471,48811.214,41738.902,37288.778,36892.161,39857.076,40215.988,38847.368,36606.517,34635.626,33795.439,34055.314,34539.817,34390.282,33487.896,32332.834,31510.392,31231.183,31300.244,31288.379,30955.375,30373.411,29773.044,29393.179
209,Estimates,Eastern Europe,,923,Subregion,917,29815.143,29861.397,25258.009,21517.718,22770.748,24005.186,24534.36,23719.032,17790.158,14293.249,14204.389,16190.152,17139.245,16632.942,14934.272,13556.194,13011.638,13281.286,13751.167,13795.072,13272.709,12509.702,11968.177,11813.432,11920.932,11968.095,11781.691,11406.895,11011.793,10783.584
210,Estimates,Belarus,,112,Country,923,891.096,965.594,899.065,731.811,720.178,739.499,805.24,795.311,609.53,467.128,446.61,513.593,571.445,559.091,512.922,454.944,424.484,434.642,463.159,474.842,458.725,427.378,401.895,394.119,400.916,407.989,404.918,390.581,373.969,362.441
211,Estimates,Bulgaria,,100,Country,923,788.968,713.836,672.912,661.913,693.846,699.57,622.893,584.976,453.895,339.416,337.765,381.246,344.707,316.774,294.975,277.638,266.489,262.118,258.337,249.747,236.816,223.928,213.586,205.987,200.049,193.455,185.834,177.021,168.473,161.049
212,Estimates,Czechia,,203,Country,923,900.635,747.056,704.899,703.756,864.307,911.871,704.288,655.55,598.476,449.534,468.619,562.054,549.92,556.789,520.836,490.164,480.011,496.715,518.292,524.757,517.456,503.079,492.311,492.727,501.73,509.862,511.575,506.702,500.314,497.82
213,Estimates,Hungary,,348,Country,923,1006.121,856.779,660.133,741.639,806.815,896.623,668.723,630.251,606.431,499.717,475.833,477.033,447.37,461.243,444.827,428.131,409.647,396.297,389.136,384.307,379.386,372.773,364.102,354.847,347.154,341.807,337.569,333.095,327.632,321.934
214,Estimates,Poland,,616,Country,923,3861.716,3843.257,2974.431,2664.264,2911.25,3285.759,3464.072,3022.215,2613.24,2082.385,1808.648,2013.642,1900.538,1873.378,1724.685,1562.911,1458.507,1436.385,1444.529,1427.344,1366.411,1279.918,1208.42,1166.547,1152.192,1138.906,1109.051,1061.081,1008.926,972.092
215,Estimates,Republic of Moldova,13,498,Country,923,371.473,410.503,405.124,352.668,367.439,398.381,445.092,452.687,341.761,277.446,212.342,225.881,223.164,205.655,187.453,167.082,153.287,147.765,145.488,140.607,132.467,123.382,115.693,110.699,107.347,104.183,99.896,94.532,89.537,85.512
216,Estimates,Romania,,642,Country,923,2153.887,2037.27,1564.038,2144.862,2108.614,2128.511,1816.946,1877.637,1315.696,1138.683,1066.336,1135.689,1003.726,957.884,882.96,840.91,820.486,810.464,791.128,760.74,726.622,697.65,676.724,660.013,644.28,624.338,602.207,579.665,560.816,544.473
217,Estimates,Russian Federation,,643,Country,923,14411.593,14859.357,13010.642,9606.658,10142.963,10717.69,11758.361,11748.504,8023.83,6564.49,7114.745,8197.978,9361.052,9287.596,8243.46,7374.647,7082.133,7372.919,7824.756,7978.035,7707.928,7241.682,6921.309,6883.575,7039.204,7152.393,7087.303,6882.666,6652.429,6545.86
218,Estimates,Slovakia,,703,Country,923,493.894,474.715,436.776,404.361,448.023,492.034,462.66,424.259,370.251,290.568,261.133,281.19,283.228,285.422,267.641,247.744,231.804,226.224,227.79,228.226,223.67,214.853,204.814,197.494,194.556,193.418,191.255,186.719,180.682,175.076
219,Estimates,Ukraine,14,804,Country,923,4935.76,4953.03,3929.989,3505.786,3707.313,3735.248,3786.085,3527.642,2857.048,2183.882,2012.358,2401.846,2454.095,2129.11,1854.513,1712.023,1684.79,1697.757,1688.552,1626.467,1523.228,1425.059,1369.323,1347.424,1333.504,1301.744,1252.083,1194.833,1149.015,1117.327
220,Estimates,Northern Europe,,924,Subregion,917,6473.481,6799.927,7479.88,7199.627,6247.73,5684.312,5880.352,6260.098,6124.184,5684.67,5444.11,6089.263,6207.149,5974.713,5943.905,5798.734,5703.224,5765.244,5885.244,5914.507,5855.173,5778.231,5730.748,5736.854,5780.766,5816.241,5815.474,5785.232,5750.959,5741.937
221,Estimates,Channel Islands,15,830,Country,924,7.558,8.043,9.512,9.433,8.344,7.513,7.603,8.336,9.156,9.424,8.278,8.448,8.569,8.343,8.666,8.73,8.717,8.755,8.901,9.058,9.19,9.294,9.4,9.481,9.596,9.734,9.855,9.971,10.086,10.196
222,Estimates,Denmark,,208,Country,924,387.267,380.297,405.052,391.155,360.527,313.165,265.229,289.072,332.439,333.879,322.613,322.398,292.728,306.413,325.914,336.773,334.442,327.072,320.724,320.869,328.468,336.449,339.809,337.24,334.809,333.932,337.196,341.678,345.269,345.804
223,Estimates,Estonia,,233,Country,924,95.81,98.65,97.24,99.772,108.93,109.465,114.535,120.735,83.894,64.783,66.693,77.529,71.181,68.389,65.161,59.043,54.907,54.889,56.477,56.259,53.567,49.781,46.56,44.691,44.239,44.016,43.008,41.007,38.595,36.529
224,Estimates,Finland,16,246,Country,924,462.212,421.591,410.125,365.391,301.289,321.755,323.446,311.039,325.476,295.618,285.828,298.016,292.803,257.65,238.361,236.41,241.438,246.526,247.805,241.035,231.688,227.412,228.809,231.961,233.607,232.126,228.752,226.295,226.132,227.669
225,Estimates,Iceland,,352,Country,924,20.955,23.52,23.826,21.901,22.151,21.335,21.187,21.374,22.501,21.167,20.631,23.108,22.481,20.352,19.955,19.481,19.211,19.11,18.895,18.379,17.781,17.312,17.058,16.877,16.706,16.495,16.159,15.844,15.589,15.398
226,Estimates,Ireland,,372,Country,924,316.278,296.139,304.545,306.954,350.622,361.583,347.364,283.121,249.316,260.579,300.398,353.264,353.593,312.365,284.768,269.718,275.856,290.849,300.599,295.562,279.143,264.337,258.493,261.803,267.595,269.255,265.139,257.902,251.317,249.227
227,Estimates,Latvia,,428,Country,924,167.286,173.247,170.456,163.323,175.447,172.275,192.079,204.288,146.325,98.307,103.757,114.464,104.332,104.449,90.187,76.969,69.72,71.101,76.015,78.48,76.008,69.074,62.704,60.181,61.073,62.333,61.773,58.784,54.908,51.851
228,Estimates,Lithuania,,440,Country,924,298.651,302.978,290.553,272.262,270.515,260.737,272.269,286.943,247.542,188.658,153.161,156.606,158.003,146.046,130.668,113.548,98.734,95.822,104.034,110.382,106.67,96.781,86.792,81.351,81.674,84.461,84.869,80.668,74.1,68.542
229,Estimates,Norway,17,578,Country,924,312.349,316.468,318.158,333.367,313.762,260.689,253.196,279.245,299.766,297.37,283.333,300.048,298.829,293.778,308.665,317.779,323.124,327.048,329.329,331.163,335.692,342.53,348.919,353.509,357.256,360.555,364.259,369.074,373.774,378.961
230,Estimates,Sweden,,752,Country,924,548.103,531.236,565.182,583.72,548.999,482.9,471.925,548.445,589.201,459.153,483.913,547.326,573.473,590.433,600.841,583.904,571.047,581.745,601.506,613.839,616.989,613.535,610.524,613.251,622.241,632.111,637.786,638.632,638.108,640.491
231,Estimates,United Kingdom,,826,Country,924,3849.349,4240.283,4877.544,4644.323,3779.925,3365.983,3604.588,3899.605,3810.523,3648.013,3408.028,3880.391,4024.003,3859.679,3863.409,3768.547,3698.06,3734.544,3813.478,3832.16,3792.607,3744.214,3714.099,3719.011,3744.626,3764.003,3759.497,3738.18,3715.874,3710.095
232,Estimates,Southern Europe,,925,Subregion,917,11755.107,11897.994,12310.101,12093.556,11766.564,10862.599,9394.552,8338.741,7728.156,7326.586,7440.551,7851.432,7096.923,6306.405,5798.818,5552.54,5514.561,5540.743,5503.084,5310.847,5002.996,4745.236,4608.229,4570.341,4560.303,4506.162,4391.329,4241.348,4109.974,4027.224
233,Estimates,Albania,,8,Country,925,264.644,316.098,347.044,340.878,347.024,353.995,374.262,406.738,369.974,291.821,224.814,179.484,181.194,170.074,157.078,135.125,115.896,105.552,100.733,96.298,89.237,80.074,71.359,64.599,59.646,55.344,50.607,44.933,39.15,33.779
234,Estimates,Bosnia and Herzegovina,,70,Country,925,526.459,505.516,510.041,458.115,434.394,394.72,381.702,355.749,284.034,238.404,179.252,175.034,161.503,137.45,121.063,114.533,112.322,110.361,106.282,98.616,90.442,85.689,83.678,82.906,81.206,77.867,73.55,69.799,67.692,66.556
235,Estimates,Croatia,,191,Country,925,442.253,401.051,364.561,327.076,333.927,329.279,328.046,296.557,247.397,245.151,207.657,218.836,204.806,186.171,168.399,157.35,150.22,145.37,142.529,137.818,129.853,121.969,115.991,112.059,109.28,106.562,102.811,97.932,93.176,89.411
236,Estimates,Greece,,300,Country,925,784.047,836.836,791.92,796.422,755.479,775.278,704.641,554.672,535.168,535.992,538.498,561.647,480.951,413.176,356.534,332.706,339.663,351.605,352.424,337.186,313.222,294.901,287.866,291.64,296.76,296.322,288.722,278.52,270.541,268.085
237,Estimates,Italy,,380,Country,925,4323.063,4303.917,4711.044,4690.717,4407.03,3673.85,3093.756,2852.771,2755.673,2637.281,2739.08,2856.374,2649.693,2308.048,2116.837,2076.682,2103.789,2127.851,2109.2,2021.467,1897.036,1802.808,1762.534,1762.038,1763.118,1740.108,1691.041,1633.051,1587.898,1564.808
238,Estimates,Malta,,470,Country,925,45.336,40.76,34.966,25.502,26.613,29.213,27.302,27.676,26.157,23.979,19.967,19.408,20.311,21.508,21.563,20.578,19.103,18.058,17.877,18.197,18.445,18.244,17.607,16.847,16.407,16.335,16.434,16.435,16.232,15.836
239,Estimates,Montenegro,,499,Country,925,66.716,71.293,71.225,60.279,55.385,53.15,55.52,52.78,48.663,43.466,41.445,40.677,37.372,37.088,35.472,33.82,32.321,31.093,30.128,29.32,28.415,27.428,26.36,25.341,24.481,23.722,22.982,22.201,21.407,20.636
240,Estimates,North Macedonia,,807,Country,925,243.045,227.283,218.505,223.877,205.764,200.83,202.577,185.859,165.599,139.076,126.73,114.349,117.164,113.288,104.287,96.142,89.16,84.368,82.182,81.041,78.555,74.461,70.096,66.432,64.11,62.622,61.198,59.138,56.514,53.786
241,Estimates,Portugal,,620,Country,925,1018.013,1045.404,1052.1,975.453,883.88,855.878,720.761,595.947,555.582,560.335,561.212,514.256,445.251,402.869,388.169,384.431,384.989,379.628,365.586,347.506,333.211,326.893,326.225,325.96,322.807,314.929,306.018,298.961,296.178,294.998
242,Estimates,Serbia,18,688,Country,925,947.125,796.249,752.234,746.579,780.067,812.805,791.654,750.811,672.733,621.309,554.482,496.731,437.634,420.614,390.352,363.958,345.549,329.721,312.57,295.633,279.018,264.328,250.821,238.919,228.256,216.803,205.184,194.11,183.898,174.281
243,Estimates,Slovenia,,705,Country,925,156.923,145.538,143.325,140.312,142.89,150.013,141.71,125.573,99.833,90.626,87.066,102.176,107.667,100.857,92.723,86.014,84.53,87.501,90.626,90.505,87.024,82.943,80.731,80.633,81.925,82.486,81.429,79.4,77.437,76.571
244,Estimates,Spain,19,724,Country,925,2932.896,3202.977,3307.547,3302.361,3387.383,3226.02,2565.563,2126.926,1959.832,1892.05,2152.754,2564.527,2245.954,1988.996,1840.739,1745.76,1731.366,1763.77,1787.11,1751.677,1653.254,1560.377,1509.843,1497.753,1507.001,1507.768,1486.165,1441.79,1394.826,1363.415
245,Estimates,Western Europe,,926,Subregion,917,12455.59,13116.317,14202.343,13600.432,11315.419,10045.149,10343.207,10493.343,10096.404,9984.273,9803.111,9726.229,9772.671,9933.308,9929.522,9728.158,9566.016,9468.041,9400.322,9369.856,9357.018,9299.665,9203.238,9110.556,9038.243,8997.881,8966.881,8939.936,8900.318,8840.434
246,Estimates,Austria,,40,Country,926,522.023,609.36,668.491,638.923,519,437.845,447.278,429.652,456.698,416.565,391.628,386.98,403.513,439.248,450.243,436.983,416.806,401.477,398.937,406.33,415.465,418.023,411.837,402.413,397.373,398.479,402.611,406.258,406.145,402.931
247,Estimates,Belgium,,56,Country,926,731.894,774.239,801.641,732.472,662.24,605.542,596.095,591.585,602.936,574.809,576.417,625.636,634.763,621.874,618.15,604.237,598.83,605.118,614.139,612.388,605.692,599.928,595.352,597.303,600.656,603.293,600.513,597.275,594.257,593.883
248,Estimates,France,,250,Country,926,4072.351,4060.052,4316.366,4275.521,4157.594,3675.9,3860.88,3827.993,3659.536,3706.793,3860.084,3975.235,3930.493,3643.815,3583.225,3535.079,3542.144,3571.256,3549.703,3469.727,3380.364,3328.457,3307.204,3302.304,3284.49,3249.357,3190.078,3137.771,3106.25,3086.999
249,Estimates,Germany,,276,Country,926,5547.415,6015.125,6612.108,6186.427,4457.821,4050.256,4164.501,4293.443,3960.58,3887.501,3582.144,3393.002,3464.621,3896.182,3920.263,3798.188,3674.781,3582.076,3546.808,3591.276,3654.974,3643.571,3584.382,3515.574,3473.359,3469.116,3492.633,3509.752,3502.485,3470.224
250,Estimates,Luxembourg,,442,Country,926,22.202,24.791,26.463,24.332,20.452,19.73,21.049,22.044,25.816,27.545,26.405,27.527,29.978,31.809,32.927,33.312,33.833,34.521,35.675,37.118,38.403,39.385,40.23,41.071,42.056,43.233,44.431,45.529,46.477,47.365
251,Estimates,Netherlands,,528,Country,926,1142.841,1182.697,1249.634,1211.911,1047.665,883.517,879.844,935.708,976.923,969.171,996.573,931.159,889.261,858.755,877.016,879.062,866.239,841.647,813.813,795.835,791.508,793.366,787.639,774.834,759.308,745.091,736.595,733.915,729.686,721.177
252,Estimates,Switzerland,,756,Country,926,413.786,446.779,523.923,527.196,447.238,369.052,369.813,389.166,410.177,397.99,365.934,382.79,416.059,437.351,443.404,436.891,428.92,427.517,436.82,452.628,465.785,471.823,471.355,471.805,475.756,484.037,494.655,503.894,509.304,512.023
253,Estimates,NORTHERN AMERICA,,918,SDG subregion,1829,21934.108,23638.907,22637.492,19943.576,18494.249,18336.111,19851.198,21162.687,21932.964,21261.985,21895.287,22711.27,21679.589,21438.111,22127.247,22575.573,22644.296,22648.549,22621.671,22697.638,22968.787,23356.446,23638.933,23781.06,23845.739,23983.024,24227.894,24503.675,24762.107,24946.364
254,Estimates,Canada,,124,Country,918,2010.781,2283.137,2321.287,1890.838,1734.825,1779.002,1826.855,1873.772,1940.606,1726.917,1654.394,1846.665,1918.566,1927.664,1940.62,1952.198,1967.902,2011.586,2077.55,2150.982,2204.749,2253.815,2303.723,2354.293,2414.586,2482.083,2545.655,2606.238,2667.866,2720.997
255,Estimates,United States of America,,840,Country,918,19911.448,21341.326,20300.542,18039.176,16748.86,16547.653,18014.496,19278.259,19981.518,19525.547,20232.228,20856.447,19753.686,19503.75,20180.171,20617.073,20670.268,20631.086,20538.555,20541.389,20758.98,21097.702,21330.411,21422.128,21426.709,21496.693,21678.166,21893.497,22090.408,22221.658
