"country","country_code","age","1955","1960","1965","1970","1975","1980","1985","1990","1995","2000","2005","2010","2015","2020","2025","2030","2035","2040","2045","2050","2055","2060","2065","2070","2075","2080","2085","2090","2095","2100"
"Albania",8,0,181,222.896,273.591,310.076,313.739,326.382,337.915,359.153,392.807,324.176,274.055,215.926,170.249,168.808,165.543,152.02,131.546,114.063,104.05,99.15,94.602,87.449,78.337,69.724,62.925,57.858,53.369,48.477,42.656,36.775
"Albania",8,5,158,172.408,214.308,266.205,302.752,309.104,322.982,334.818,356.541,357.127,317.244,272.573,210.879,160.464,165.362,162.093,149.3,129.566,112.131,102.151,97.273,92.739,85.604,76.504,67.904,61.114,56.054,51.575,46.685,40.867
"Albania",8,10,147,156.276,171.051,213.333,265.218,301.673,308.188,322.034,334.062,330.771,342.834,308.49,268.03,201.076,158.606,163.496,160.611,148.211,128.507,111.095,101.129,96.26,91.733,84.603,75.512,66.918,60.135,55.076,50.598,45.712
"Albania",8,15,122,145.812,155.357,170.454,212.63,264.235,300.722,307.319,321.241,298.891,291.804,320.485,272.797,233.792,196.171,153.777,159.67,157.798,145.429,125.763,108.376,98.426,93.568,89.05,81.929,72.846,64.258,57.481,52.426,47.95
"Albania",8,20,108,120.387,144.335,154.338,169.243,211.204,262.777,299.272,305.998,260.905,241.178,252.226,256.253,246.428,222.709,185.128,145.129,153.325,151.48,139.149,119.516,102.161,92.232,87.383,82.876,75.765,66.692,58.116,51.345,46.293
"Albania",8,25,85,106.174,118.824,143.107,152.892,167.726,209.642,261.08,297.506,230.373,218.736,193.299,201.421,238.316,232.7,209,174.361,137.301,145.507,143.686,131.39,111.798,94.472,84.564,79.728,75.231,68.13,59.068,50.5,43.735
"Albania",8,30,77,83.374,104.614,117.682,141.622,151.345,166.311,208.124,259.343,232.623,216.462,188.654,169.407,177.791,226.527,220.906,199.713,167.585,130.63,138.844,137.046,124.79,105.24,87.948,78.06,73.238,68.746,61.661,52.611,44.051
"Albania",8,35,70,75.353,82,103.501,116.331,140.052,149.941,164.996,206.649,212.107,231.666,204.119,179.82,160.524,169.078,217.633,213.828,194.496,162.509,125.692,133.918,132.153,119.947,100.451,83.212,73.347,68.54,64.062,56.995,47.96
"Albania",8,40,63,68.271,73.909,80.964,102.117,114.814,138.504,148.51,163.615,174.19,216.238,222.714,190.081,176.59,154.211,162.721,212.239,209.719,190.564,158.77,122.144,130.384,128.66,116.523,97.106,79.924,70.099,65.313,60.854,53.812
"Albania",8,45,49,61.116,66.652,72.706,79.559,100.353,113.101,136.661,146.783,141.392,178.043,209.071,209.46,190.065,171.531,149.403,158.672,208.683,206.312,187.391,155.864,119.497,127.747,126.077,114.032,94.721,77.624,67.853,63.096,58.664
"Albania",8,50,48,47.119,59.211,65.152,70.962,77.627,98.169,110.835,134.245,130.812,141.785,172.421,199.918,207.108,185.212,167.079,145.826,155.587,205.205,203.042,184.462,153.299,117.298,125.564,123.965,112.046,92.886,75.909,66.216,61.5
"Albania",8,55,35,45.515,45.081,57.294,62.867,68.384,75.099,95.106,107.737,121.641,122.473,136.713,163.665,194.681,201.345,180.169,162.95,142.566,152.288,201.348,199.484,181.367,150.711,115.21,123.486,121.985,110.242,91.298,74.497,64.909
"Albania",8,60,36,32.374,42.596,42.813,54.163,59.247,64.747,71.333,90.679,96.775,108.7,116.922,127.755,152.865,187.547,194.404,174.46,158.316,138.657,148.332,196.627,195.169,177.688,147.727,112.925,121.206,119.835,108.34,89.703,73.153
"Albania",8,65,29,31.783,29.077,39.071,38.882,48.948,53.861,59.04,65.684,79.176,84.488,100.613,109.277,119.354,144.38,177.927,185.225,166.968,151.988,133.402,143.04,190.208,189.3,172.703,143.748,109.97,118.246,117.066,105.942,87.769
"Albania",8,70,21,23.718,26.604,25.1,33.187,32.634,41.487,45.807,50.812,53.777,64.406,73.471,92.41,102.923,108.408,132.063,163.871,171.822,155.733,142.493,125.581,135.159,180.506,180.333,165.05,137.674,105.517,113.762,112.873,102.349
"Albania",8,75,13,15.241,17.788,20.788,19.074,24.646,24.459,31.374,35.182,36.81,37.817,50.133,61.661,75.859,86.476,92.011,113.412,142.543,150.948,138.101,127.512,113.218,122.668,164.9,165.725,152.483,127.696,98.257,106.399,105.985
"Albania",8,80,9,7.886,9.637,11.89,13.15,11.599,15.158,15.132,19.92,20.662,22.809,24.57,34.721,43.982,53.804,62.508,67.918,85.782,109.899,118.498,110.333,103.544,93.226,102.224,138.979,141.163,131.127,110.724,85.874,93.777
"Albania",8,85,7,4.128,3.787,4.933,5.963,5.935,5.265,6.909,7.025,8.549,9.855,11.152,12.438,18.948,23.488,29.4,35.377,40.02,52.256,69.072,76.789,73.593,70.926,65.322,73.042,101.177,104.623,98.899,84.772,66.747
"Albania",8,90,5,2.279,1.419,1.397,1.58,1.699,1.69,1.509,2.004,1.855,2.377,3.137,3.573,4.114,6.705,8.51,11.171,14.241,16.903,23.128,32.011,37.186,37.146,37.172,35.393,40.766,58.085,61.851,60.131,52.863
"Albania",8,95,3,1.023,0.491,0.326,0.264,0.252,0.267,0.262,0.233,0.274,0.264,0.41,0.551,0.598,0.783,1.311,1.773,2.51,3.416,4.325,6.316,9.309,11.486,12.133,12.792,12.779,15.37,22.893,25.499,25.928
"Albania",8,100,0,0.345,0.165,0.082,0.041,0.025,0.022,0.022,0.022,0.017,0.019,0.023,0.036,0.04,0.051,0.069,0.121,0.177,0.269,0.393,0.54,0.84,1.331,1.793,2.072,2.351,2.532,3.162,4.863,6.013
"Azerbaijan",31,0,341,535.222,699.579,839.439,774.872,701,700.282,803.635,936.29,907.495,726.724,655.063,711.392,870.594,842.505,732.964,674.144,680.883,693.018,672.683,635.19,603.563,582.901,569.794,558.584,543.756,524.83,506.938,492.361,480.59
"Azerbaijan",31,5,252,326.087,515.189,677.144,816.721,758.584,686.136,685.617,788.825,924.704,898.825,719.685,651.076,708.621,867.658,839.69,730.747,672.302,679.207,691.481,671.339,634.048,602.589,582.054,569.044,557.921,543.171,524.316,506.477,491.944
"Azerbaijan",31,10,401,250.195,324.129,512.393,673.85,814.187,756.714,682.062,684.778,792.92,926.202,898.724,726.802,649.988,707.529,866.246,838.415,729.715,671.422,678.385,690.708,670.649,633.451,602.069,581.595,568.634,557.553,542.844,524.027,506.221
"Azerbaijan",31,15,361,398.706,248.964,322.655,505.28,671.369,811.53,741.868,677.549,680.416,795.175,931.677,907.375,726.03,648.877,705.984,864.464,836.791,728.389,670.283,677.314,689.699,669.745,632.668,601.387,580.994,568.099,557.076,542.422,523.657
"Azerbaijan",31,20,324,357.767,395.765,247.226,310.569,493.738,667.993,780.696,696.454,659.734,675.686,808.736,936.774,906.192,724.186,646.531,703.552,861.634,834.195,726.258,668.444,675.579,688.059,668.275,631.391,600.276,580.015,567.228,556.299,541.735
"Azerbaijan",31,25,187,320.766,354.768,392.751,235.465,295.235,482.068,636.896,719.641,686.478,643.675,689.283,822.483,934.911,903.549,721.285,644.045,700.958,858.598,831.399,723.955,666.452,673.698,686.279,666.676,630.001,599.064,578.944,566.272,555.443
"Azerbaijan",31,30,121,185.368,318.208,352.057,384.963,228.942,280.01,467.049,605.453,714.349,678.205,646.358,703.012,819.539,931.629,899.597,718.24,641.429,698.227,855.406,828.466,721.546,664.373,671.738,684.426,665.016,628.557,597.805,577.83,565.275
"Azerbaijan",31,35,155,119.866,183.825,315.379,343.948,380.395,222.088,271.124,451.105,589.708,709.096,673.93,649.028,698.982,815.373,926.316,894.641,714.428,638.166,694.838,851.463,824.862,718.602,661.842,669.359,682.186,663.012,626.817,596.287,576.486
"Azerbaijan",31,40,144,153.089,118.626,181.819,306.689,334.8,374.638,214.372,261.348,429.406,572.475,701.358,669.47,643.327,693.375,808.557,918.858,887.704,709.117,633.643,690.163,846.056,819.944,714.597,658.41,666.146,679.164,660.309,624.471,594.24
"Azerbaijan",31,45,140,141.406,150.632,116.742,178.758,292.09,323.477,365.273,205.257,242.413,404.886,561.435,692.751,660.103,634.817,684.193,798.248,907.599,877.272,701.161,626.895,683.216,838.045,812.675,708.689,653.357,661.416,674.716,656.33,621.013
"Azerbaijan",31,50,122,136.247,137.78,146.611,113.631,167.937,274.151,314.171,351.258,187.985,220.223,391.684,547.849,676.363,645.593,621.131,669.942,782.288,890.237,861.242,688.976,616.594,672.643,825.883,801.661,699.756,645.721,654.28,668.011,650.33
"Azerbaijan",31,55,80,116.246,130.721,131.724,139.979,108.659,154.377,261.767,298.719,319.942,167.434,208.797,373.606,525.424,652.088,623.08,600.199,648.181,758.005,863.892,836.962,670.556,601.05,656.721,807.593,785.117,686.347,634.287,643.603,657.978
"Azerbaijan",31,60,94,73.51,107.873,121.65,122.104,130.438,100.998,139.695,242.471,258.827,282.301,153.19,193.056,349.132,494.729,615.129,589.05,568.623,615.462,721.573,824.425,800.64,643.031,577.874,633.008,780.386,760.542,666.494,617.381,627.822
"Azerbaijan",31,65,76,82.175,64.837,95.583,108.403,107.046,116.701,86.591,121.186,198.322,213.86,244.095,134.741,173.166,315.996,449.193,560.54,538.832,522.121,567.296,667.9,766.234,747.041,602.422,543.633,597.921,740.077,724.142,637.024,592.197
"Azerbaijan",31,70,61,60.897,66.962,52.956,78.772,87.841,87.631,95.048,69.322,91.532,148.815,168.778,196.589,112.604,146.532,268.915,384.564,482.901,467.291,455.674,498.207,590.521,681.906,669.091,543.039,493.25,545.988,680.144,669.61,592.47
"Azerbaijan",31,75,36,41.904,42.892,47.73,38.111,55.57,63.136,64.011,69.654,47.871,58.699,103.034,118.684,147.203,85.045,111.427,206.641,298.572,379.008,370.799,365.353,403.546,483.497,564.34,559.439,458.718,421.01,470.904,592.51,588.868
"Azerbaijan",31,80,19,19.561,23.727,24.976,28.634,22.797,33.399,41.272,41.85,42.611,25.717,33.597,60.353,75.258,92.194,53.945,71.604,135.025,198.403,256.151,254.872,255.185,286.33,348.901,413.996,416.946,347.358,324.113,368.343,470.522
"Azerbaijan",31,85,9,7.597,8.264,10.493,11.513,13.825,10.826,17.456,22.432,20.388,18.799,11.41,15.381,29.967,35.09,44.062,26.315,35.626,68.875,103.696,137.174,139.823,143.257,164.539,205.445,249.673,257.377,219.688,210.005,244.258
"Azerbaijan",31,90,5,2.439,2.309,2.555,3.329,3.741,4.647,3.705,6.186,7.147,6.391,5.58,3.957,5.488,9.243,11.074,14.392,8.843,12.311,24.614,38.292,52.332,55.105,58.304,69.134,89.25,112.112,119.527,105.505,104.271
"Azerbaijan",31,95,0,0.999,0.538,0.515,0.55,0.704,0.793,0.985,0.767,1.16,1.359,1.11,1.17,0.864,1.037,1.777,2.193,2.964,1.884,2.713,5.641,9.123,12.965,14.214,15.645,19.298,25.971,34.068,37.885,34.875
"Azerbaijan",31,100,0,0,0.15,0.095,0.074,0.066,0.076,0.078,0.083,0.085,0.128,0.138,0.135,0.143,0.1,0.12,0.202,0.26,0.362,0.258,0.352,0.732,1.244,1.859,2.182,2.512,3.191,4.45,6.132,7.311
"Armenia",51,0,150,232.763,322.72,341.497,285.827,299.392,329.57,370.762,384.128,287.279,200.486,193.755,212.874,223.691,214.224,189.721,169.712,163.599,167.855,171.637,166.315,154.27,142.29,135.829,134.269,134.022,130.726,124.058,116.437,110.556
"Armenia",51,5,108,155.672,239.158,333.51,356.613,301.421,302.107,325.56,365.316,350.999,274.221,192.151,180.234,210.847,222.508,213.103,188.676,168.721,162.637,166.912,170.705,165.404,153.38,141.42,134.972,133.417,133.175,129.888,123.225,115.61
"Armenia",51,10,192,112.749,162.748,247.786,346.787,366.975,304.112,300.113,319.412,317.866,334.007,266.256,182.572,178.629,210.166,221.836,212.457,188.064,168.139,162.072,166.352,170.151,164.863,152.852,140.904,134.464,132.914,132.675,129.389,122.732
"Armenia",51,15,150,196.091,117.841,168.858,258.957,351.809,366.572,301.647,283.809,264.948,299.286,318.297,254.103,180.919,176.684,208.171,219.849,210.517,186.188,166.316,160.275,164.568,168.382,163.113,151.126,139.201,132.771,131.229,130.996,127.719
"Armenia",51,20,158,154.089,200.504,122.485,177.051,266.576,356.886,355.802,279.069,224.268,244.216,277.118,297.295,249.308,176.461,172.286,203.715,215.404,206.138,181.905,162.107,156.106,160.422,164.254,159.016,147.065,135.168,128.757,127.227,127.006
"Armenia",51,25,80,161.186,158.733,204.328,128.646,185.592,269.359,339.768,340.887,215.403,201.431,222.351,252.34,290.416,243.709,171.107,166.966,198.339,210.033,200.822,176.672,156.942,150.977,155.308,159.153,153.942,142.022,130.153,123.762,122.241
"Armenia",51,30,48,82.59,164.905,162.711,209.73,134.425,183.704,257.236,330.422,277.888,189.162,185.533,200.362,247.866,285.32,238.8,166.448,162.346,193.659,205.356,196.204,172.144,152.484,146.557,150.902,154.762,149.578,137.691,125.852,119.478
"Armenia",51,35,75,49.656,85.52,167.902,168.32,212.989,129.597,178.201,250.791,274.422,249.869,178.825,169.398,197.444,243.729,281.057,234.79,162.783,158.737,189.974,201.68,192.607,168.665,149.099,143.218,147.582,151.461,146.308,134.463,122.661
"Armenia",51,40,74,75.427,51.411,87.793,172.141,169.621,203.309,125.588,172.846,205.734,247.878,236.727,167.963,166.258,193.849,239.84,276.973,231.137,159.696,155.749,186.871,198.596,189.654,165.899,146.475,140.666,145.059,148.961,143.863,132.084
"Armenia",51,45,66,73.913,75.704,52.778,90.993,171.957,164.907,198.346,120.986,138.783,183.251,230.137,222.238,163.96,162.574,189.905,235.43,272.274,227.155,156.65,152.868,183.813,195.573,186.845,163.384,144.186,138.492,142.926,146.871,141.856
"Armenia",51,50,46,65.161,73.447,75.333,54.483,93.278,169.73,160.484,191.596,95.964,120.754,165.816,210.225,215.298,159.253,158.067,185.034,229.875,266.281,222.273,153.205,149.674,180.352,192.172,183.755,160.733,141.881,136.352,140.845,144.853
"Armenia",51,55,39,44.476,63.599,71.65,74.642,57.076,95.08,164.086,153.785,168.523,81.286,109.769,145.689,200.527,206.853,153.185,152.336,178.803,222.66,258.458,216.043,149.003,145.827,176.133,188.018,180.035,157.64,139.26,133.962,138.538
"Armenia",51,60,54,36.283,42.189,60.34,69.237,72.393,57.433,89.857,153.774,131.752,149.713,74.939,96.502,135.154,189.01,195.587,145.263,144.888,170.643,213.15,248.121,207.885,143.641,140.956,170.729,182.691,175.3,153.746,136.018,131.035
"Armenia",51,65,43,47.385,32.648,38.43,56.196,63.215,65.817,51.946,81.284,128.996,111.564,133.149,66.096,85.997,123.499,173.617,180.576,134.753,134.982,159.729,200.362,234.157,196.903,136.502,134.46,163.446,175.473,168.849,148.456,131.628
"Armenia",51,70,33,35.205,39.416,27.782,33.815,47.358,53.461,55.909,43.562,64.825,103.352,91.69,110.585,55.481,74.623,108.002,153.037,160.354,120.514,121.492,144.732,182.654,214.698,181.536,126.502,125.27,153.015,164.995,159.405,140.648
"Armenia",51,75,22,23.983,26.314,30.008,22.094,25.558,37.275,41.173,41.852,31.665,48.012,75.251,67.561,84.137,43.529,59.446,87.114,124.945,132.431,100.666,102.515,123.419,157.242,186.517,159.098,111.769,111.573,137.252,148.986,144.797
"Armenia",51,80,10,12.787,14.317,16.073,18.944,14.624,17.096,24.449,25.07,26.662,20.222,27.648,46.02,44.062,55.716,29.463,41.163,61.459,89.753,96.822,74.881,77.484,94.795,122.573,147.462,127.473,90.682,91.617,113.932,124.9
"Armenia",51,85,5,4.481,5.996,7.032,8.216,11.03,8.113,9.318,11.934,12.9,14.087,9.642,14.317,25.366,22.507,29.365,16.009,23.039,35.29,52.86,58.444,46.342,49.071,61.444,81.178,99.665,87.857,63.651,65.461,82.678
"Armenia",51,90,1,1.706,1.664,2.423,3.164,3.933,5.128,3.717,3.523,4.597,5.262,6.217,4.307,6.426,8.766,8.07,10.963,6.218,9.297,14.739,22.843,26.135,21.443,23.461,30.339,41.298,52.203,47.298,35.194,37.125
"Armenia",51,95,0,0.237,0.426,0.465,0.781,1.117,1.332,1.722,0.942,0.922,1.309,1.632,1.952,1.406,1.339,1.887,1.816,2.589,1.541,2.414,3.994,6.461,7.717,6.623,7.552,10.176,14.422,18.923,17.793,13.727
"Armenia",51,100,0,0,0.037,0.077,0.107,0.194,0.275,0.333,0.307,0.196,0.192,0.284,0.363,0.475,0.21,0.176,0.24,0.247,0.355,0.246,0.36,0.613,1.035,1.336,1.267,1.461,2.014,2.959,4.098,4.275
"China",156,0,76508,104029.737,97317.375,113734.519,135838.485,128661.502,102240.187,105510.957,134263.854,101657.403,89846.392,84384.538,86308.884,89257.795,86974.591,80063.669,75300.691,73448.624,72543.84,71761.027,69769.885,67331.505,64880.497,62902.513,61448.199,60134.512,58765.287,57120.99,55339.674,53713.717
"China",156,5,57397,70858.562,96894.636,90412.759,109199.02,132484.557,126553.26,101071.21,104440.078,133062.949,100912.744,89314.262,84021.003,86053.946,89042.583,86782.343,79901.129,75163.449,73323.741,72428.501,71652.75,69668.135,67235.357,64789,62814.832,61363.815,60053.104,58686.409,57044.546,55265.673
"China",156,10,54825,55406.377,68782.314,94021.825,89439.079,108243.908,131638.027,125928.521,100646.035,104061.349,132678.949,100633.134,89083.776,83850.365,85895.635,88892.102,86649.521,79790.171,75065.204,73233.855,72345.286,71575.147,69595.457,67167.023,64724.29,62753.256,61304.753,59996.332,58631.451,56991.486
"China",156,15,52245,53378.791,54122.429,67135.69,93147.269,88892.43,107787.014,131145.414,125480.699,100288.32,103748.648,132263.344,100303.09,88846.109,83626.207,85673.846,88683.888,86466.155,79621.91,74907.851,73084.3,72201.624,71436.538,69461.669,67037.609,64598.362,62630.245,61184.228,59877.762,58515.004
"China",156,20,46261,50752.346,52007.337,52625.307,66285.316,92424.972,88449.317,107264.417,130510.023,124843.08,99836.523,103139.758,131575.56,99845.792,88406.373,83194.748,85266.636,88315.306,86113.205,79288.95,74590.272,72776.709,71901.181,71142.76,69174.374,66756.064,64321.891,62358.105,60915.24,59612.048
"China",156,25,41710,44754.88,49236.72,50381.349,51796.95,65578.921,91842.015,87921.362,106614.543,129701.671,124171.358,99069.281,102359.591,130877.334,99234.542,87824.313,82662.003,84785.419,87844.69,85662.83,78864.412,74184.244,72382.29,71516.468,70765.605,68805.288,66394.153,63966.566,62008.461,60570.115
"China",156,30,41132,40172.46,43188.436,47456.548,49401.984,51131.768,65052.346,91184.318,87290.693,105840.95,128899.224,123206.479,98240.53,101696.39,130117.208,98594.562,87262.333,82171.487,84310.474,87383.25,85225.607,78456.338,73797.481,72009.976,71154.47,70412.533,68461.774,66059.412,63639.895,61688.622
"China",156,35,37136,39396.785,38508.116,41326.38,46311.266,48651.65,50620.617,64466.332,90412.392,86546.994,105059.935,127806.231,122176.499,97557.281,101030.743,129349.336,98003.318,86767.18,81719.485,83875.986,86963.411,84831.565,78095.793,73461.262,71689.334,70845.525,70114.03,68174.427,65782.532,63372.915
"China",156,40,32148,34990.611,37303.292,36429.453,40026.297,45413.653,48001.777,50006.914,63737.334,89424.765,85707.058,103957.626,126561.961,121213.924,96829.148,100313.879,128535.698,97409.567,86261.531,81266.256,83443.055,86545.893,84445.397,77750.433,73145.114,71391.904,70562.283,69843.665,67918.2,65540.247
"China",156,45,29044,29554.476,32559.634,34731.155,34906.255,38926.925,44551.651,47175.341,49222.584,62765.35,88201.957,84550.672,102629.053,125227.159,120065.15,95944.272,99463.891,127555.708,96699.125,85666.441,80739.675,82940.832,86062.49,84002.539,77360.571,72793.92,71065.012,70253.999,69552.836,67647.18
"China",156,50,23623,26241.094,26831.105,29568.701,32757.765,33449.392,37726.884,43323.437,46041.059,48040.751,61389.522,86480.389,83000.617,100975.254,123454.93,118469.515,94744.434,98314.65,126202.068,95734.625,84868.647,80039.441,82274.505,85422.245,83417.582,76851.653,72340.15,70645.681,69862.391,69187.112
"China",156,55,21285,20716.423,22754.214,23266.483,27166.694,30611.374,31791.706,36044.303,41653.256,44229.245,46278.137,59462.272,83994.688,80809.387,98635.43,120805.034,116099.166,92980.387,96619.098,124198.87,94323.296,83709.75,79028.119,81314.229,84496.462,82573.703,76121.207,71692.152,70051.16,69311.058
"China",156,60,16550,17182.944,16555.71,18302.995,20393.388,24330.551,28134.829,29460.573,33643.619,38912.25,41527.93,43776.461,56483.425,80087.675,77500.941,94893.829,116573.906,112334.333,90193.021,93953.575,121057.73,92127.711,81918.714,77473.142,79836.122,83072.471,81276.929,75002.361,70707.3,69153.744
"China",156,65,12441,11875.612,12269.486,11973.995,14948.088,17176.004,21135.842,24814.199,26234.688,29930.802,34916.266,37636.185,39884.652,51726.771,74165.648,72180.836,88882.694,109778.915,106297.525,85739.988,89704.826,116048.462,88634.835,79072.137,74990.383,77467.767,80782.092,79186.433,73203.117,69127.88
"China",156,70,6968,7811.282,7220.566,7597.434,8917.531,11505.935,13591.228,17085.74,20397.44,21415.403,24700.818,29231.649,31723.595,33967.904,44950.406,65144.693,64051.697,79636.194,99263.597,96915.796,78789.795,83030.125,108128.114,83077.728,74489.411,70957.047,73584.883,76995.903,75717.925,70209.287
"China",156,75,3636,3439.303,3575.063,3595.492,4824.639,5859.722,7782.727,9424.565,12096.496,14550.561,15444.573,18061.257,21588.815,23959.861,26545.735,35775.912,52777.05,52727.214,66562.896,84188.174,83288.925,68548.865,73061.765,96134.124,74512.349,67325.022,64565.495,67357.066,70877.927,70074.659
"China",156,80,1235,1290.578,1012.07,1316.187,1779.307,2491.288,3102.238,4271.529,5338.14,7130.556,8696.481,9358.833,11192.206,13882.331,16173.82,18381.707,25426.758,38398.595,39201.609,50533.362,65210.337,65687.778,54992.799,59544.491,79421.179,62303.733,56896.457,55085.324,57988.881,61549.163
"China",156,85,231,333.532,237.401,264.459,478.258,665.535,936.747,1218.329,1764.165,2325.922,3230.248,4008.553,4489.933,5683.67,7573.846,9110.273,10688.861,15255.722,23722.191,24897.564,32971.713,43656.197,45036.33,38570.904,42605.348,57860.714,46131.04,42748.768,41975.211,44791.868
"China",156,90,42,44.913,40.682,43.595,62.232,116.234,164.662,243.144,340.013,515.786,732.683,1037.831,1345.552,1650.857,2303.122,3197.381,3981.299,4839.586,7163.942,11530.875,12509.265,17108.544,23383.184,24853.752,21871.966,24773.819,34429.74,28041.584,26533.032,26589.777
"China",156,95,5,5.474,3.794,4.805,6.333,9.475,18.249,27.114,43.759,63.77,107.327,151.088,224.4,341.048,474.767,688.361,989.542,1272.026,1601.532,2460.633,4105.009,4608.826,6526.688,9241.693,10137.856,9198.732,10726.53,15324.836,12832.824,12483.198
"China",156,100,0,0.47,0.337,0.341,0.523,0.713,1.087,2.089,3.279,5.626,8.946,14.901,22.962,42.009,74.623,110.374,162.252,237.075,314.833,406.742,620.728,1043.078,1274.483,1796.63,2597.787,3063.711,3019.342,3460.157,4840.507,4679.835
"Taiwan, Province of China",158,0,1257,1768.642,1941.762,2051.623,1998.968,1952.118,2006.857,1952.612,1612.458,1623.967,1526.157,1233.215,988.361,1031.258,1016.035,1022.804,1018.361,984.028,902.922,828.656,810.232,820.259,831.877,832.506,811.915,775.134,738.806,724.504,727.953,735.684
"Taiwan, Province of China",158,5,1014,1253.391,1747.936,1935.755,2061.128,1984.327,1849.258,2010.772,1922.104,1604.068,1604.836,1532.707,1234.818,1001.779,1047.283,1028.799,1035.63,1031.244,996.979,915.951,841.744,823.354,833.394,845.026,845.672,825.103,788.354,752.049,737.767,741.226
"Taiwan, Province of China",158,10,929,1029.695,1245.416,1762.073,1952.728,2061.364,1902.371,1848.548,2043.772,1911.717,1586.567,1615.608,1533.684,1240.403,1011.074,1054.641,1036.217,1043.083,1038.741,1004.513,923.536,849.375,831.005,841.057,852.701,853.364,832.809,796.078,759.796,745.526
"Taiwan, Province of China",158,15,784,933.884,1014.971,1244.147,1790.061,1947.571,2021.57,1899.785,1884.335,2026.554,1888.805,1598.638,1617.531,1536.153,1242.227,1012.626,1056.243,1037.912,1044.841,1040.551,1006.391,925.501,851.414,833.082,843.154,854.819,855.501,834.976,798.282,762.031
"Taiwan, Province of China",158,20,710,774.819,915.184,968.45,1246.239,1772.237,1915.27,2001.942,1862.926,1859.515,1997.285,1895.798,1598.124,1616.497,1535.206,1241.693,1012.692,1056.39,1038.219,1045.241,1041.049,1007.014,926.284,852.336,834.074,844.181,855.885,856.615,836.149,799.519
"Taiwan, Province of China",158,25,620,695.199,759.352,880.742,947.129,1228.898,1683.278,1878.178,1962.078,1825.936,1826.662,1996.128,1904.393,1603.299,1620.347,1537.986,1245.497,1017.231,1061.013,1043.013,1050.147,1046.073,1012.191,931.669,857.901,839.729,849.89,861.643,862.43,842.044
"Taiwan, Province of China",158,30,545,606.608,686.557,779.089,900.718,939.628,1178.364,1648.103,1862.619,1925.727,1797.511,1824.586,2026.661,1920.488,1617.154,1630.62,1549.026,1257.858,1030.535,1074.393,1056.618,1063.897,1059.976,1026.303,946.059,872.531,854.489,864.719,876.541,877.409
"Taiwan, Province of China",158,35,463,524.13,598.074,740.043,830.132,895.535,923.755,1154.895,1654.363,1834.787,1901.164,1809.93,1867.283,2036.535,1928.182,1623.573,1637.693,1557.138,1267.756,1041.686,1085.644,1068.181,1075.66,1071.964,1038.585,958.731,885.551,867.689,878.027,889.947
"Taiwan, Province of China",158,40,352,435.244,514.101,653.996,788.755,820.842,829.177,904.449,1163.641,1623.121,1806.12,1910.886,1832.358,1864.865,2031.5,1922.753,1621.699,1636.692,1557.511,1270.542,1046.226,1090.309,1073.286,1081.046,1077.668,1044.705,965.419,892.736,875.138,885.627
"Taiwan, Province of China",158,45,280,339.464,424.563,540.856,689.309,772.301,786.677,806.725,913.997,1134.335,1590.473,1800.511,1897.06,1817.8,1850.219,2014.874,1909.13,1612.693,1628.723,1551.229,1267.43,1045.44,1089.692,1073.25,1081.387,1078.442,1046.05,967.54,895.528,878.285
"Taiwan, Province of China",158,50,204,275.222,326.825,429.004,543.454,663.229,777.31,759.609,802.623,886.504,1093.756,1572.647,1771.808,1867.251,1791.321,1824.573,1989.136,1887.106,1596.301,1613.475,1538.045,1258.267,1039.249,1083.703,1068.003,1076.639,1074.257,1042.611,965.103,893.952
"Taiwan, Province of China",158,55,160,197.808,259.24,325.541,422.688,509.222,674.464,739.703,729.821,772.086,830.934,1065.771,1547.132,1734.664,1830.159,1757.738,1793.53,1957.988,1860.461,1576.606,1595.166,1522.354,1247.711,1032.49,1077.219,1062.498,1071.794,1070.164,1039.491,963.264
"Taiwan, Province of China",158,60,119,145.838,179.704,242.422,312.492,384.192,525.26,626.851,691.95,689.159,709.753,800.764,1038.337,1498.858,1682.943,1778.291,1712.9,1752.064,1916.182,1824.343,1549.578,1569.998,1500.695,1232.883,1022.692,1067.85,1054.472,1064.709,1064.113,1034.751
"Taiwan, Province of China",158,65,79,95.222,125.259,154.352,201.749,268.253,384.43,471.008,569.372,631.692,619.211,669.13,757.482,985.853,1425.862,1605.933,1703.836,1647.725,1690.942,1854.039,1769.693,1507.299,1530.23,1465.752,1207.302,1004.082,1049.865,1038.376,1049.926,1050.771
"Taiwan, Province of China",158,70,49,62.212,75.693,102.289,109.179,157.643,247.123,321.039,402.878,489.431,542.059,559.429,610.796,694.293,908.146,1319.998,1496.13,1596.902,1552.607,1600.403,1761.328,1687.277,1442.381,1468.751,1411.016,1166.061,972.904,1019.574,1010.785,1024.199
"Taiwan, Province of China",158,75,23,37.036,43.244,55.94,73.471,75.064,133.428,178.547,241.012,312.607,384.565,454.77,476.925,529.151,606.441,799.79,1173.398,1342.295,1444.553,1414.557,1467.252,1623.774,1563.82,1343.94,1374.685,1326.578,1101.465,923.229,970.974,966.036
"Taiwan, Province of China",158,80,11,14.158,20.705,26.203,41.939,42.032,56.704,85.204,117.008,155.96,211.456,283.781,347.502,374.302,423.002,490.985,656.752,976.748,1131.278,1230.735,1217.054,1273.826,1421.462,1379.831,1194.805,1230.693,1195.738,999.706,843.454,892.111
"Taiwan, Province of China",158,85,1,4.482,5.692,8.381,12.501,18.84,22.027,29.936,44.964,59.257,85.258,128.596,182.178,230.117,255.026,295.37,349.791,477.493,723.579,851.985,940.988,943.771,1001.124,1131.418,1111.294,973.496,1013.842,995.706,841.256,716.898
"Taiwan, Province of China",158,90,0,0.232,1.089,1.268,1.86,3.908,6.357,7.83,10.808,17.045,23.592,38.821,62.229,92.027,120.326,137.973,164.947,200.91,281.749,437.538,526.934,594.634,608.822,658.852,758.758,759.11,677.045,717.553,716.785,615.717
"Taiwan, Province of China",158,95,0,0,0.028,0.108,0.13,0.32,0.937,1.429,1.779,2.665,4.43,7.191,12.67,21.484,33.004,44.842,53.507,66.455,83.764,121.299,194.204,240.859,279.74,294.611,327.594,387.622,398.193,364.619,396.457,406.13
"Taiwan, Province of China",158,100,0,0,0,0.001,0.005,0.011,0.051,0.116,0.177,0.257,0.416,0.785,1.358,2.539,4.48,7.193,10.304,13.081,16.853,21.948,32.153,52.297,69.72,85.576,95.821,109.905,133.013,146.297,144.967,158.218
"Hong Kong, SAR of China",344,0,316,413.331,489.309,510.91,381.197,383.855,397.062,398.885,375.965,348.622,303.246,246.619,272.582,319.805,377.718,381.736,371.306,324.281,294.648,294.525,317.925,345.819,359.595,352.938,334.291,320.181,321.287,334.85,351.15,359.267
"Hong Kong, SAR of China",344,5,125,319.968,421.982,477.126,512.335,385.368,394.242,415.046,409.384,363.509,369.958,293.3,223.24,244.051,312.539,365.704,389.558,375.534,328.543,298.936,298.822,322.223,350.118,363.9,357.252,338.617,324.516,325.625,339.192,355.494
"Hong Kong, SAR of China",344,10,158,141.568,331.092,406.87,494.724,529.377,418.731,426.167,422.816,425.341,423.073,401.836,317.636,246.602,265.177,317.128,369.892,391.803,377.793,330.825,301.232,301.123,324.524,352.421,366.203,359.564,340.936,326.84,327.952,341.521
"Hong Kong, SAR of China",344,15,214,174.221,146.549,306.483,431.062,520.252,570.062,438.911,429.85,428.175,458.705,437.806,414.444,324.907,257.825,277.504,328.405,376.006,397.922,383.929,336.986,307.409,307.305,330.708,358.604,372.39,365.76,347.139,333.051,334.169
"Hong Kong, SAR of China",344,20,235,229.91,193.639,151.398,319.096,445.991,554.544,569.876,464.485,426.398,467.14,468.518,448.103,427.661,338.601,278.769,303.949,342.802,390.388,412.309,398.339,351.436,321.886,321.794,345.198,373.092,386.884,380.264,361.661,347.584
"Hong Kong, SAR of China",344,25,212,250.093,259.845,220.535,157.661,324.688,484.67,560.859,619.328,487.174,495.919,488.303,513.806,484.16,459.841,366.103,312.044,322.069,360.903,408.47,430.394,416.457,369.609,340.096,340.019,363.425,391.315,405.118,398.514,379.93
"Hong Kong, SAR of China",344,30,186,222.788,267.653,271.176,216.62,154.008,373.655,501.795,603.259,658.881,551.332,524.272,550.199,557.393,524.83,489.079,394.529,327.51,337.543,376.359,423.9,445.83,431.937,385.158,355.694,355.639,379.042,406.935,420.745,414.164
"Hong Kong, SAR of China",344,35,156,194.325,233.252,267.872,259.14,204.705,203.283,384.858,522.018,631.54,698.14,564.554,551.62,574.677,584.008,543.982,509.224,405.364,338.511,348.561,387.349,434.852,456.794,442.96,396.282,366.887,366.86,390.267,418.157,431.983
"Hong Kong, SAR of China",344,40,116,161.867,200.117,228.49,258.51,247.576,247.624,212.57,392.409,537.898,657.058,696.191,564.956,562.257,587.516,594.202,556.77,515.656,412.165,345.552,355.627,394.374,441.827,463.784,450.039,403.504,374.208,374.222,397.631,425.523
"Hong Kong, SAR of China",344,45,82,120.169,164.621,192.492,219.456,247.17,277.331,255.759,219.798,408.926,551.705,646.119,678.628,563.906,564.667,592.517,601.042,559.553,518.728,415.781,349.52,359.63,398.323,445.706,467.689,454.073,407.748,378.596,378.671,402.089
"Hong Kong, SAR of China",344,50,61,84.632,119.841,153.159,185.469,211.18,259.371,285.138,258.557,231.64,410.12,541.359,620.899,668.702,560.579,564.209,594.442,600.27,559.276,518.892,416.751,351.017,361.183,399.801,447.093,469.116,455.698,409.681,380.745,380.914
"Hong Kong, SAR of China",344,55,40,62.562,83.592,108.316,149.133,179.772,212.84,258.353,280.382,259.255,227.919,401.864,519.217,606.884,660.087,554.382,561.753,590.233,596.382,556.105,516.362,415.392,350.416,360.675,399.201,446.372,468.471,455.342,409.77,381.148
"Hong Kong, SAR of China",344,60,24,40.955,61.388,73.855,105.557,144.275,172.726,206.452,249.052,274.566,252.988,217.857,385.213,503.297,592.842,647.055,546.993,553.829,582.592,589.21,549.956,511.119,411.784,347.875,358.28,396.7,443.734,465.96,453.249,408.299
"Hong Kong, SAR of China",344,65,20,24.629,39.58,52.127,71.561,100.6,134.134,159.353,193.376,237.449,262.657,240.943,207.315,368.415,486.844,574.985,630.131,533.646,541.546,570.739,578.049,540.237,502.67,405.628,343.224,353.846,392.144,439.015,461.445,449.331
"Hong Kong, SAR of China",344,70,16,19.442,24.059,30.732,48.596,65.36,87.901,112.184,143.91,172.767,216.217,241.318,228.195,192.984,349.883,463.345,549.132,603.82,513.642,523.058,552.876,561.178,525.433,489.708,395.983,335.745,346.687,384.827,431.485,454.221
"Hong Kong, SAR of China",344,75,8,12.067,14.729,16.184,25.957,41.157,52.181,67.982,93.613,114.617,144.336,184.426,217.922,203.355,175.68,320.34,426.952,508.992,563.493,482.585,494.15,524.782,534.529,501.96,469.071,380.439,323.534,334.971,372.842,419.148
"Hong Kong, SAR of China",344,80,4,4.039,6.173,8.344,10.063,18.476,28.629,35.527,50.924,65.957,83.7,109.745,149.588,177.753,171.062,149.675,275.726,371.241,447.281,500.542,433.282,447.633,479.056,490.866,463.29,434.877,354.452,302.942,315.078,352.383
"Hong Kong, SAR of China",344,85,1,1.584,1.539,2.681,3.996,5.553,10.085,16.331,22.061,30.491,41.552,55.679,76.482,106.113,131.309,128.443,114.366,214.248,293.317,359.122,408.597,359.507,376.588,408.014,422.136,401.673,379.791,312.052,268.844,281.762
"Hong Kong, SAR of China",344,90,0,0.284,0.426,0.44,0.85,1.36,1.988,4.134,6.911,9.879,15.462,22.805,30.83,44.038,64.111,81.002,80.931,73.791,141.727,198.644,248.867,289.978,261.227,279.34,308.332,323.72,311.862,298.271,248.104,216.45
"Hong Kong, SAR of China",344,95,0,0,0.033,0.048,0.054,0.12,0.24,0.455,1.014,1.878,3.5,6.127,9.018,12.733,19.572,29.155,37.798,38.799,36.471,72.38,104.697,135.315,162.9,151.7,167.067,189.422,203.17,199.472,194.046,164.452
"Hong Kong, SAR of China",344,100,0,0,0,0.001,0.001,0.002,0.007,0.019,0.043,0.113,0.371,0.821,1.471,2.273,3.568,5.647,8.681,11.884,13.309,13.462,23.891,36.933,51.075,65.628,69.066,77.522,90.322,102.098,107.586,110.174
"India",356,0,54170,67074.005,73236.04,80056.523,86549.228,95137.189,104053.369,115744.296,122227.641,125227.437,128618.736,130897.125,130242.282,121574.497,120026.641,119938.684,118884.034,115967.957,110747.407,105670.839,102145.715,99755.124,96909.246,93532.932,89563.299,85823.992,82980.7,80428.723,78263.362,75825.382
"India",356,5,44775,49198.776,61545.994,67754.242,74569.119,81471.433,90336.355,99629.653,111557.096,118563.387,122209.519,126140.445,128956.797,128833.077,120554.358,119180.944,119206.518,118243.922,115398.203,110242.451,105218.696,101733.387,99373.264,96553.76,93200.351,89251.611,85529.589,82699.925,80159.194,78003.237
"India",356,10,42142,42957.302,47466.892,59650.163,66005.962,73294.806,80270.36,89123.462,98383.709,110352.098,117506.019,121188.495,125196.805,128136.868,128156.898,119994.9,118681.674,118752.902,117819.534,115001.541,109873.615,104872.817,101405.49,99060.375,96254.498,92913.456,88976.511,85264.268,82442.658,79908.674
"India",356,15,38463,40534.775,41580.457,46239.497,58445.579,65266.187,72531.517,79473.704,88241.509,97467.752,109441.556,116506.256,120198.401,124391.307,127362.784,127482.987,119407.257,118145.876,118245.392,117337.715,114547.215,109445.107,104468.16,101020.005,98690.34,95899.603,92573.349,88649.592,84949.187,82136.913
"India",356,20,34406,36591.437,38896.692,40312.467,45125.458,57676.688,64376.376,71552.29,78375.131,87064.402,96290.259,108056.286,115080.798,119093.188,123248.219,126344.788,126552.596,118582.524,117366.388,117499.953,116626.437,113874.762,108811.477,103870.203,100451.035,98145.984,95379.448,92075.89,88173.32,84491.826
"India",356,25,30386,32441.896,34845.856,37479.153,39151.005,44469.766,56772.904,63387.08,70425.515,77163.896,85820.75,94828.788,106483.818,113724.423,117783.83,122063.348,125241.369,125530.848,117650.928,116482.425,116652.514,115814.679,113103.117,108087.953,103190.64,99808.38,97534.133,94797.069,91521.614,87644.852
"India",356,30,26934,28457.292,30691.355,33338.998,36207.041,38418.841,43692.679,55823.667,62329.688,69285.267,75991.27,84452.338,93380.849,105080.271,112418.237,116585.582,120933.693,124173.945,124520.847,116736.184,115617.468,115792.153,114982.559,112318.735,107359.503,102514.564,99175.054,96936.053,94232.404,90988.756
"India",356,35,23482,24991.73,26677.486,29092.963,31973.125,35280.877,37588.914,42830.473,54747.802,61191.013,68094.274,74644.232,83010.714,91963.334,103648.657,111044.934,115283.134,119686.39,122973.954,123385.758,115720.314,114595.702,114784.47,114023.432,111424.714,106538.712,101761.954,98476.972,96282.899,93621.571
"India",356,40,20602,21531.435,23159.291,25004.262,27644.593,30889.869,34276.968,36620.769,41775.485,53500.21,59892.495,66647.226,73113.203,81480.079,90367.823,102014.741,109435.412,113730.841,118176.368,121516.884,122010.035,114432.841,113347.789,113588.728,112904.102,110392.31,105603.292,100913.162,97698.216,95561.8
"India",356,45,16488,18579.439,19632.808,21362.638,23417.776,26362.776,29680.053,33048.783,35363.936,40462.781,51956.022,58215.411,64865.715,71337.702,79596.455,88436.676,99992.003,107406.495,111746.887,116235.952,119639.074,120201.677,112808.137,111820.087,112155.636,111573.208,109177.394,104514.767,99939.329,96815.924
"India",356,50,14249,14510.599,16563.508,17721.576,19587.293,21885.812,24864.4,28103.402,31352.476,33704.256,38739.222,49855.164,55983.794,62557.503,68869.187,77017.701,85753.545,97143.478,104523.09,108920.204,113469.045,116953.64,117664.677,110570.511,109748.876,110222.793,109788.809,107558.581,103078.839,98667.215
"India",356,55,9928,12107.143,12540.46,14532.143,15793.11,17776.543,20057.06,22875.296,25919.103,29131.941,31539.177,36402.712,47015.495,52977.928,59257.663,65433.505,73396.35,81949.504,93074.97,100392.958,104867.456,109497.18,113112.933,114045.303,107392.845,106812.702,107486.661,107264.552,105273.816,101056.113
"India",356,60,8490,7996.069,9961.726,10489.635,12343.772,13655.444,15535.601,17582.419,20111.04,23077.438,26252.666,28622.041,33241.917,43209.071,48882.556,54893.609,60860.773,68532.495,76802.283,87545.534,94761.048,99320.435,104049.699,107828.344,109058.903,103009.894,102756.732,103699.674,103769.295,102102.229
"India",356,65,4801,6326.336,6107.802,7739.552,8280.914,9950.486,11161.192,12719.058,14418.908,16786.393,19609.132,22542.2,24816.568,29176.486,38257.971,43515.183,49139.483,54780.971,62016.054,69868.088,80056.648,87089.463,91728.388,96549.709,100524.18,102136.222,96897.775,97074.296,98372.899,98820.89
"India",356,70,3599,3200.25,4336.379,4277.751,5537.939,6070.957,7424.125,8350.969,9526.583,11052.046,13158.061,15558.492,18102.096,20257.248,24091.223,31827.212,36490.814,41537.275,46672.134,53254.374,60466.216,69808.873,76505.51,81155.704,86029.066,90194.736,92262.719,88109.102,88839.735,90572.429
"India",356,75,2048,2056.487,1889.951,2642.774,2678.064,3562.236,3966.595,4870.932,5493.158,6476.06,7748.599,9352.988,11207.834,13302.351,15083.986,18133.048,24202.789,28051.918,32279.333,36670.944,42305.587,48552.974,56653.672,62728.064,67231.598,71995.989,76237.096,78752.161,75936.203,77265.535
"India",356,80,941,930.773,980.387,941.193,1366.652,1419.664,1921.39,2146.474,2643.483,3115.329,3798.633,4631.543,5694.719,7047.067,8489.055,9768.689,11898.037,16089.767,18906.111,22065.665,25432.412,29762.716,34651.604,41004.864,46056.217,50070.239,54377.746,58393.28,61172.576,59779.257
"India",356,85,327,308.484,328.523,367.331,366.791,544.866,578.052,787.305,880.706,1137.754,1390.679,1744.131,2186.265,2818.333,3531.208,4341.842,5074.468,6281.135,8630.427,10318.716,12263.101,14395.953,17165.843,20361.856,24567.731,28137.008,31190.597,34546.773,37850.57,40428.142
"India",356,90,80,67.328,72.294,83.838,95.9,97.713,150.42,159.341,217.966,252.469,343.953,437.384,570.194,760.147,993.159,1277.277,1599.198,1903.052,2399.678,3360.913,4105.691,4989.468,5996.198,7321.708,8907.022,11025.544,12957.81,14750.392,16792.351,18899.123
"India",356,95,16,12.081,11.962,14.348,17.421,20.538,21.754,33.636,35.419,52.285,63.043,89.654,118.929,164.908,223.223,298.807,385.489,484.687,579.197,735.232,1038.362,1283.511,1582.431,1932.772,2405.519,2986.465,3777.374,4543.886,5304.8,6193.822
"India",356,100,0,1.859,1.807,2.035,2.653,3.496,4.367,4.757,6.974,8.745,12.917,16.628,24.162,34.014,47.945,66.309,87.269,110.723,136.764,161.613,199.617,272.14,339.563,417.848,511.108,635.654,792.996,1007.95,1237.039,1473.974
"Georgia",268,0,287,383.97,458.401,492.119,459.237,426.921,424.787,460.555,466.869,333.363,247.105,231.834,262.427,287.334,268.826,238.333,218.919,213.92,215.464,214.473,205.411,191.037,177.823,168.968,163.959,158.988,151.921,142.464,132.515,124.009
"Georgia",268,5,266,290.669,394.404,475.804,504.456,449.763,414.204,423.004,458.863,363.331,287.284,245.167,223.767,255.403,285.006,266.55,236.111,216.735,211.757,213.315,212.337,203.29,188.932,175.73,166.885,161.884,156.917,149.852,140.4,130.457
"Georgia",268,10,394,268.415,297.683,407.962,491.86,493.216,441.901,412.319,424.31,419.142,359.848,306.712,238.698,219.985,254,283.603,265.193,234.802,215.459,210.499,212.07,211.104,202.076,187.734,174.543,165.705,160.713,155.75,148.693,139.246
"Georgia",268,15,340,394.694,271.261,307.406,418.669,470.132,481.942,428.634,412.266,405.851,358.649,344.593,293.739,231.453,216.373,250.362,279.961,261.603,231.277,211.974,207.042,208.628,207.678,198.674,184.352,171.181,162.356,157.373,152.422,145.37
"Georgia",268,20,369,340.95,395.178,273.798,314.687,395.35,448.053,465.44,414.946,365.826,326.697,327.815,323.025,272.378,223.122,208.115,242.066,271.643,253.376,223.155,203.925,199.035,200.649,199.733,190.763,176.483,163.341,154.545,149.572,144.637
"Georgia",268,25,233,368.788,341.925,395.287,275.231,300.45,371.748,438.821,448.408,393.966,314.842,300.015,304.025,301.432,261.749,212.721,197.826,231.713,261.252,243.098,213.014,193.882,189.048,190.697,189.818,180.901,166.668,153.573,144.803,139.854
"Georgia",268,30,176,233.953,368.302,342.287,393.979,268.626,285.835,370.213,428.78,369.88,297.068,286.124,282.899,287.198,291.684,252.284,203.582,188.816,222.611,252.093,234.083,204.176,185.168,180.401,182.094,181.264,172.404,158.235,145.189,136.455
"Georgia",268,35,238,174.951,235.12,367.316,341.128,388.639,261.66,285.999,367.891,340.585,330.045,288.784,272.901,270.534,279.046,283.629,244.638,196.37,181.78,215.442,244.844,227.033,197.371,178.527,173.848,175.595,174.819,166.038,151.952,138.977
"Georgia",268,40,216,232.402,173.937,235.851,364.458,330.831,382.466,258.655,285.27,332.444,327.862,325.221,270.363,260.981,263.33,271.911,276.646,238.219,190.547,176.199,209.682,238.975,221.435,192.106,173.493,168.927,170.738,170.034,161.353,147.378
"Georgia",268,45,193,208.837,226.224,172.32,234.49,354.088,319.35,371.824,254.401,301.474,283.078,304.146,309.596,257.068,253.258,255.848,264.551,269.514,231.925,185.152,171.18,204.399,233.53,216.394,187.558,169.271,164.865,166.764,166.158,157.622
"Georgia",268,50,149,184.09,200.746,218.913,169.04,230.429,341.744,304.954,358.595,304.541,255.764,263.569,286.072,293.818,247.545,244.219,247.184,256.063,261.345,224.975,179.504,166.072,198.917,227.822,211.262,183.113,165.278,161.086,163.101,162.624
"Georgia",268,55,140,139.532,173.929,191.141,209.637,166.578,224.554,328.033,287.873,222.261,154.011,203.746,250.042,269.357,279.522,235.908,233.271,236.738,245.861,251.581,216.874,173.159,160.447,192.805,221.41,205.602,178.355,161.105,157.195,159.352
"Georgia",268,60,170,126.804,127.996,161.092,178.442,194.899,161.641,209.388,309.091,255.952,250.864,166.516,192.442,234.375,250.974,261.442,221.366,219.645,223.764,233.208,239.525,207.011,165.595,153.839,185.557,213.757,198.918,172.832,156.352,152.794
"Georgia",268,65,139,144.405,109.673,112.499,143.42,155.341,175.052,142.52,188.133,241.718,205.258,229.163,147.282,175.902,212.082,228.261,239.114,203.474,202.881,207.777,217.613,224.644,194.896,156.42,145.872,176.733,204.369,190.73,166.126,150.612
"Georgia",268,70,103,107.159,112.789,87.844,92.357,118.954,126.994,143.454,117.797,117.252,164.67,159.875,193.828,127.396,150.566,183.237,198.796,210.003,180.085,180.87,186.684,196.935,204.764,178.718,144.215,135.245,164.82,191.556,179.535,156.951
"Georgia",268,75,65,68.205,72.368,77.68,63.13,68.192,90.091,92.105,105.684,136.618,122.439,136.03,120.667,148.932,98.22,117.59,145.135,159.502,170.728,148.195,150.586,157.32,167.8,176.436,155.492,126.583,119.739,147.172,172.349,162.595
"Georgia",268,80,32,33.526,36.777,40.158,45.022,40.385,43.644,55.971,56.311,46.337,48.449,60.491,84.379,74.516,96.451,65.071,79.592,100.327,112.408,122.65,108.445,112.15,119.253,129.324,138.271,123.666,102.017,97.754,121.677,144.107
"Georgia",268,85,13,11.052,12.388,14.46,16.994,21.388,19.482,20.881,27.464,20.106,14.899,18.261,29.618,39.967,36.957,49.694,34.588,43.574,56.514,65.007,72.858,66.109,70.047,76.338,84.759,92.761,84.7,71.233,69.543,88.12
"Georgia",268,90,4,2.561,2.396,2.957,3.976,5.096,7.178,6.37,7.213,9.514,6.516,4.676,6.485,9.405,13.491,12.886,18.16,13.162,17.214,23.142,27.558,31.985,30.008,32.83,36.969,42.358,47.8,44.896,38.776,38.844
"Georgia",268,95,1,0.406,0.294,0.311,0.466,0.704,1.056,1.432,1.349,1.542,1.858,1.166,1.065,1.161,1.854,2.766,2.765,4.113,3.124,4.267,5.99,7.437,8.997,8.788,10.003,11.728,13.964,16.378,15.947,14.253
"Georgia",268,100,0,0.052,0.026,0.021,0.027,0.046,0.084,0.122,0.177,0.176,0.174,0.183,0.162,0.107,0.123,0.204,0.317,0.341,0.513,0.434,0.581,0.841,1.097,1.384,1.444,1.682,2.039,2.519,3.081,3.209
"Republic of Korea",410,0,3043,3321.217,4588.414,4692.817,4547.841,4533.534,3959.546,3827.679,3147.525,3538.885,3208.744,2524.702,2281.97,2287.667,1943.879,1797.916,1776.267,1775.586,1632.042,1548.415,1520,1444.09,1379.037,1372.42,1366.285,1325.171,1280.199,1251.206,1215.028,1184.818
"Republic of Korea",410,5,2678,2902.036,3303.71,4394.962,4574.18,4490.407,4487.222,3929.695,3809.574,3139.642,3538.604,3211.156,2529.137,2284.366,2289.212,1947.525,1803.913,1782.339,1781.71,1638.248,1554.679,1526.305,1450.433,1385.413,1378.824,1372.705,1331.615,1286.667,1257.691,1221.524
"Republic of Korea",410,10,2442,2644.567,2965.788,3226.413,4330.763,4533.427,4460.302,4465.398,3925.012,3806.245,3138.736,3537.29,3212.605,2500.677,2284.941,2290.872,1950.548,1807.033,1785.506,1784.917,1641.517,1557.988,1529.643,1453.804,1388.814,1382.235,1376.134,1335.06,1290.129,1261.162
"Republic of Korea",410,15,1796,2391.142,2519.107,2904.579,3147.308,4242.755,4446.426,4440.481,4467.602,3923.984,3808.449,3134.715,3543.987,3207.873,2502.926,2290.156,2299.441,1959.38,1816.006,1794.552,1794.027,1650.714,1567.26,1538.957,1463.166,1398.22,1391.668,1385.59,1344.544,1299.638
"Republic of Korea",410,20,1480,1752.202,2160.089,2440.355,2793.989,3022.753,4106.547,4397.55,4440.25,4460.519,3923.985,3782.849,3120.303,3559.899,3212.754,2515.219,2310.45,2319.943,1980.343,1837.228,1815.899,1815.481,1672.346,1589.023,1560.799,1485.104,1420.24,1413.741,1407.708,1366.709
"Republic of Korea",410,25,1436,1438.432,1707.087,2111.823,2365.926,2693.182,2919.946,4065.776,4391.773,4429.209,4471.833,3908.436,3717.101,3227.712,3564.614,3226.399,2539.73,2335.566,2345.304,2006.33,1863.53,1842.377,1842.106,1699.219,1616.05,1587.946,1512.383,1447.629,1441.201,1435.227
"Republic of Korea",410,30,1215,1389.489,1525.473,1699.181,2087.166,2305.27,2633.648,2917.163,4056.201,4371.269,4441.785,4479.306,3828.728,3870.676,3229.316,3572.794,3243.945,2559.084,2355.634,2365.698,2027.484,1885.096,1864.17,1864.083,1721.489,1638.541,1610.588,1535.194,1470.581,1464.245
"Republic of Korea",410,35,1107,1169.367,1434.236,1505.896,1692.494,2050.084,2290.269,2627.539,2898.061,4024.818,4357.981,4442.755,4406.69,3888.569,3865.071,3231.397,3580.54,3253.278,2570.584,2368.022,2378.452,2041.191,1899.315,1878.666,1878.796,1736.58,1653.913,1626.14,1550.96,1486.532
"Republic of Korea",410,40,1012,1055.01,1174.105,1398.426,1477.883,1652.193,2031.946,2269.304,2593.527,2862.326,3992.793,4339.495,4393.414,4372.214,3875.19,3856.438,3230.481,3579.368,3254.164,2574.382,2372.988,2383.899,2047.917,1906.733,1886.448,1886.868,1745.185,1662.899,1635.369,1560.49
"Republic of Korea",410,45,742,951.145,1020.865,1128.066,1344.326,1424.409,1613.529,1983.879,2229.592,2541.07,2822.191,3947.629,4301.698,4333.763,4343.398,3854.253,3840.24,3219.69,3568.108,3245.914,2570.367,2370.682,2382.281,2048.189,1908.024,1888.271,1889.139,1748.252,1666.513,1639.369
"Republic of Korea",410,50,693,684.294,889.243,959.336,1063.28,1271.686,1359.879,1549.36,1924.111,2161.324,2481.85,2771.063,3889.572,4294.039,4287.192,4301.73,3822.391,3811.285,3198.29,3546.043,3228.094,2558.596,2361.328,2373.914,2042.53,1903.831,1884.86,1886.378,1746.623,1665.692
"Republic of Korea",410,55,565,619.614,615.232,810.42,879.671,978.97,1180.437,1276.401,1477.67,1838.888,2084.422,2412.471,2710.338,3847.256,4225.962,4225.663,4245.875,3777.011,3769.563,3166.594,3513.419,3201.109,2539.593,2345.541,2359.446,2031.667,1894.929,1877.021,1879.404,1741.156
"Republic of Korea",410,60,450,477.317,529.489,533.127,708.282,779.727,878.11,1072.138,1182.645,1384.912,1739.115,1995.036,2332.556,2636.751,3759.566,4138.296,4145.786,4171.669,3716.141,3713.518,3123.477,3469.176,3164.171,2512.999,2323.132,2338.789,2015.695,1881.513,1864.988,1868.516
"Republic of Korea",410,65,261,345.79,374.697,425.073,434.263,593.443,662.997,758.444,949.522,1068.695,1273.061,1619.934,1890.144,2201.551,2546.216,3641.705,4019.442,4036.089,4069.271,3631.891,3635.729,3063.267,3407.399,3112.348,2475.267,2291.112,2309.217,1992.497,1861.779,1847.157
"Republic of Korea",410,70,152,178.651,245.597,275.309,317.732,340.9,467.707,530.156,626.466,804.531,929.85,1135.746,1476.82,1753.386,2070.963,2409.362,3461.457,3835.918,3865.564,3909.775,3500.049,3513.655,2968.223,3309.748,3030.074,2414.911,2239.677,2261.548,1954.716,1829.412
"Republic of Korea",410,75,61,90.189,113.598,160.955,184.748,222.45,240.067,332.183,391.614,481.072,634.795,762.983,970.494,1325.705,1565.126,1864.255,2188.714,3167.717,3533.901,3583.466,3644.363,3279.476,3308.268,2807.445,3143.906,2889.612,2311.404,2151.044,2178.926,1888.885
"Republic of Korea",410,80,54,30.782,47.959,62.91,89.125,106.363,130.636,146.031,206.716,258.811,327.02,449.042,575.95,761.997,1071.163,1283.985,1549.446,1845.684,2703.479,3050.801,3126.34,3209.722,2914.193,2964.699,2535.901,2861.138,2648.304,2132.022,1995.94,2033.35
"Republic of Korea",410,85,17,13.182,9.451,15.795,22.317,39.328,49.054,64.297,72.266,109.639,141.151,183.564,273.914,370.004,517.994,741.699,909.418,1119.94,1363.914,2037.485,2342.234,2442.287,2546.979,2347.285,2422.475,2100.052,2400.614,2249.234,1830.723,1732.108
"Republic of Korea",410,90,4,2.451,2.239,1.727,3.113,6.92,12.978,17.984,22.987,28.442,43.502,56.196,81.196,130.9,187.214,272.812,401.518,508.574,644.88,811.727,1248.87,1476.93,1581.522,1690.308,1595.353,1684.38,1492.766,1743.193,1665.77,1381.273
"Republic of Korea",410,95,1,0.339,0.235,0.245,0.197,0.605,1.448,3.128,4.086,5.922,7.269,10.775,15.799,24.821,42.706,64.566,99.051,151.383,200.082,264.244,347.87,557.76,686.346,763.52,846.127,826.929,903.831,828.101,998.473,984.242
"Republic of Korea",410,100,0,0.061,0.022,0.014,0.015,0.02,0.068,0.196,0.386,0.615,0.856,1.005,1.655,2.653,4.469,8.017,12.972,20.985,33.461,47.26,65.64,91.144,149.195,200.517,241.443,283.603,301.746,340.862,343.901,410.325
"Montenegro",499,0,49,58.933,63.57,66.338,52.903,54.158,51.788,54.663,50.831,46.283,41.526,41.11,40.257,37.73,37.54,35.993,34.523,33.214,32.031,30.993,30.075,29.09,28.079,27.016,26.015,25.135,24.332,23.535,22.71,21.9
"Montenegro",499,5,47,48.594,57.946,62.885,59.667,52.611,53.89,51.547,54.435,47.742,43.606,40.762,40.247,40,37.601,37.415,35.872,34.403,33.096,31.918,30.88,29.959,28.981,27.969,26.905,25.906,25.025,24.222,23.426,22.602
"Montenegro",499,10,49,47.095,48.414,57.766,57.239,59.521,52.484,53.768,51.433,51.314,45.727,43.295,40.931,40.163,39.917,37.522,37.34,35.798,34.334,33.028,31.849,30.816,29.893,28.916,27.904,26.844,25.844,24.964,24.162,23.365
"Montenegro",499,15,43,49.463,46.799,48.137,54.258,56.979,59.265,52.258,53.016,48.427,50.052,45.476,44.799,41.653,39.969,39.724,37.337,37.158,35.619,34.159,32.852,31.68,30.646,29.725,28.749,27.742,26.68,25.68,24.801,23.998
"Montenegro",499,20,35,44.232,48.855,46.241,42.854,53.737,55.458,58.763,48.292,49.868,45.519,50.635,44.709,43.482,41.223,39.546,39.307,36.928,36.751,35.217,33.762,32.46,31.292,30.26,29.342,28.369,27.361,26.3,25.305,24.426
"Montenegro",499,25,26,36.567,43.482,48.104,36.99,42.253,51.396,54.832,51.86,44.768,44.858,45.512,47.334,42.378,42.925,40.678,39.013,38.781,36.411,36.241,34.713,33.264,31.971,30.806,29.777,28.862,27.889,26.887,25.829,24.835
"Montenegro",499,30,18,27.302,35.861,42.746,39,36.445,39.99,50.809,48.221,49.265,39.925,43.064,43.665,46.97,41.873,42.426,40.194,38.542,38.315,35.958,35.792,34.272,32.831,31.542,30.384,29.359,28.446,27.477,26.479,25.422
"Montenegro",499,35,20,18.869,26.697,35.183,35.967,38.446,34.942,39.478,46.335,46.913,46.003,37.218,42.569,43.621,46.52,41.451,42.014,39.801,38.159,37.943,35.596,35.439,33.928,32.495,31.217,30.059,29.04,28.133,27.17,26.171
"Montenegro",499,40,20,20.367,18.367,26.094,30.211,35.369,37.844,34.418,36.026,46.165,45.17,43.02,38.004,42.303,43.173,46.073,41.049,41.621,39.436,37.816,37.612,35.286,35.137,33.641,32.22,30.948,29.798,28.788,27.884,26.926
"Montenegro",499,45,17,19.952,19.748,17.841,22.246,29.57,34.68,37.17,30.61,35.668,46.324,42.737,44.933,37.55,41.769,42.658,45.559,40.604,41.196,39.046,37.455,37.271,34.974,34.838,33.361,31.957,30.699,29.564,28.564,27.668
"Montenegro",499,50,16,16.611,19.135,19.005,15.073,21.588,28.755,33.825,35.344,29.435,35.378,45.579,43.268,43.959,36.806,41.009,41.93,44.835,39.991,40.612,38.526,36.983,36.829,34.58,34.469,33.022,31.645,30.409,29.293,28.311
"Montenegro",499,55,14,15.133,15.57,18.052,17.903,14.382,20.661,27.622,33.013,34.046,27.663,33.837,42.888,41.74,42.472,35.647,39.823,40.794,43.703,39.043,39.718,37.733,36.275,36.173,34.001,33.923,32.531,31.195,29.999,28.918
"Montenegro",499,60,12,12.691,13.722,14.231,18.08,16.654,13.451,19.424,25.873,31.168,32.132,24.962,31.185,40.53,39.521,40.381,34.021,38.153,39.202,42.119,37.724,38.474,36.645,35.304,35.272,33.208,33.185,31.863,30.592,29.449
"Montenegro",499,65,10,10.314,11.013,12.069,14.129,16.244,15.097,12.301,17.235,23.673,28.147,29.241,23.064,28.649,37.141,36.463,37.491,31.773,35.837,36.993,39.915,35.897,36.752,35.13,33.953,34.017,32.106,32.153,30.931,29.751
"Montenegro",499,70,9,7.817,8.3,9.049,10.601,11.984,14.003,13.189,10.354,15.077,20.343,23.989,25.084,20.201,24.961,32.683,32.406,33.615,28.739,32.684,33.963,36.881,33.369,34.36,33.013,32.043,32.23,30.532,30.674,29.598
"Montenegro",499,75,7,6.04,5.447,5.977,6.685,8.137,9.364,11.178,10.588,8.343,11.966,15.864,18.595,19.929,16.165,20.265,26.904,27.054,28.436,24.621,28.333,29.749,32.61,29.774,30.907,29.913,29.226,29.569,28.16,28.432
"Montenegro",499,80,3,3.653,3.355,3.113,3.559,4.264,5.425,6.343,7.631,7.351,5.058,7.912,10.139,12.419,13.476,11.244,14.402,19.521,20.052,21.5,18.975,22.244,23.731,26.408,24.445,25.692,25.156,24.827,25.362,24.368
"Montenegro",499,85,1,1.087,1.474,1.435,1.372,1.745,2.237,2.915,3.429,4.214,3.391,2.487,3.804,5.074,6.37,7.182,6.232,8.234,11.51,12.188,13.45,12.212,14.702,16.074,18.294,17.284,18.513,18.443,18.504,19.193
"Montenegro",499,90,0,0.213,0.281,0.422,0.429,0.455,0.643,0.848,1.123,1.333,1.385,1.113,0.806,1.209,1.663,2.193,2.599,2.371,3.271,4.769,5.265,6.054,5.719,7.153,8.096,9.513,9.262,10.202,10.442,10.74
"Montenegro",499,95,0,0,0.031,0.048,0.075,0.088,0.101,0.151,0.201,0.267,0.262,0.272,0.209,0.133,0.206,0.301,0.425,0.533,0.517,0.753,1.159,1.351,1.638,1.631,2.142,2.536,3.112,3.155,3.617,3.843
"Montenegro",499,100,0,0,0,0.003,0.005,0.009,0.011,0.014,0.02,0.026,0.029,0.029,0.028,0.018,0.012,0.018,0.027,0.041,0.055,0.056,0.084,0.135,0.17,0.217,0.233,0.312,0.391,0.502,0.546,0.646
"Viet Nam",704,0,3088,4606.776,5842.173,6571.028,7064.581,7658.319,7906.979,8598.209,9184.735,9170.073,7221.318,6717.061,7237.713,7706.236,7968.07,7458.998,7071.502,6517.205,6410.117,6576.028,6663.52,6515.695,6188.836,5864.646,5673.699,5621.543,5615.002,5511.993,5309.464,5079.33
"Viet Nam",704,5,2453,2923.952,4410.927,5645.572,6390.461,6861.225,7471.734,7772.406,8480.923,9075.348,9092.614,7121.273,6622.719,7180.521,7649.51,7908.21,7404.907,7022.81,6471.733,6366.438,6533.334,6621.769,6475.227,6149.822,5826.901,5636.863,5585.292,5579.225,5476.743,5274.835
"Viet Nam",704,10,2376,2389.404,2860.153,4329.463,5548.092,6237.123,6752.391,7372.819,7687.765,8414.172,9025.178,8968.372,7001.805,6567.631,7125.663,7588.578,7850.269,7351.786,6971.48,6422.427,6318.221,6485.582,6574.605,6428.836,6104.385,5782.294,5592.88,5541.704,5535.96,5433.845
"Viet Nam",704,15,2526,2340.67,2356.06,2823.019,4271.913,5437.021,6109.665,6655.607,7275.356,7618.866,8365.807,8921.323,8865.613,6952.123,6520.928,7073.871,7538.517,7802.846,7306.755,6928.431,6381.538,6278.37,6446.278,6535.946,6391.079,6067.66,5746.477,5557.74,5507.01,5501.624
"Viet Nam",704,20,2189,2501.28,2318.793,2335.107,2796.69,4209.034,5258.731,6023.343,6568.815,7137.383,7526.097,8221.997,8754.619,8753.853,6850.676,6411.502,6967.785,7436.893,7702.022,7209.616,6834.407,6290.71,6189.129,6357.812,6448.399,6304.872,5983.012,5663.199,5475.471,5425.432
"Viet Nam",704,25,2051,2162.253,2473.199,2294.913,2310.56,2751.57,4007.177,5167.257,5935.24,6394.741,7015.58,7346.603,8015.505,8604.42,8605.106,6699.433,6270.367,6831.802,7300.735,7567.132,7079.576,6708.03,6168.291,6068.738,6238.382,6330.033,6188.134,5868.183,5550.122,5363.708
"Viet Nam",704,30,1783,2013.648,2127.406,2437.69,2262.04,2260.872,2581.511,3919.522,5072.009,5819.2,6297.29,6874.432,7173.815,7893.039,8478.7,8471.411,6585.017,6165.305,6725.617,7194.591,7462.479,6980.041,6612.587,6077.28,5979.89,6150.502,6243.302,6103.202,5785.417,5469.304
"Viet Nam",704,35,1702,1731.143,1965.18,2084.23,2390.821,2199.743,2128.726,2509.455,3834.939,4999.207,5742.075,6194.065,6735.134,7077.378,7791.567,8368.864,8366.779,6500.808,6086.828,6646.083,7115.142,7384.547,6907.827,6544.942,6014.425,5919.401,6091.038,6185.066,6047.002,5731.66
"Viet Nam",704,40,1467,1636.561,1676.219,1913.33,2032.525,2305.999,2090.963,2061.307,2439.657,3773.345,4929.347,5658.223,6099.87,6648.712,6989.029,7696.205,8271.65,8275.565,6431.915,6025.332,6583.404,7052.623,7323.947,6854.278,6496.838,5972.197,5880.004,6052.882,6148.471,6012.943
"Viet Nam",704,45,1422,1396.673,1571.703,1620.309,1852.789,1939.604,2203.133,2023.362,1998.613,2386.207,3701.241,4864.119,5582.624,6005.692,6547.647,6887.12,7588.558,8162.608,8173.143,6358.915,5962.146,6518.918,6988.426,7262.296,6801.472,6450.998,5933.831,5845.275,6019.769,6117.379
"Viet Nam",704,50,1120,1337.618,1328.447,1507.372,1557.376,1748.711,1848.57,2123.629,1953.173,1941.258,2323.05,3640.315,4780.433,5457.002,5870.926,6406.894,6746.023,7441.971,8013.581,8033.783,6260.585,5877.694,6432.822,6902.793,7179.858,6731.108,6390.081,5883.181,5799.68,5976.352
"Viet Nam",704,55,907,1039.367,1255.325,1257.928,1429.937,1440.652,1653.115,1762.117,2030.534,1876.64,1867.776,2217.026,3486.139,4593.35,5243.851,5647.44,6177.268,6521.259,7208.847,7778.096,7812.877,6097.971,5734.842,6287.992,6758.455,7040.085,6607.971,6280.155,5787.711,5711.311
"Viet Nam",704,60,690,809.232,944.233,1157.04,1162.965,1272.742,1335.353,1548.321,1656.635,1919.247,1775.938,1724.296,2054.585,3284.539,4333.922,4954.498,5353.286,5879.159,6225.323,6902.416,7468.814,7522.313,5882.039,5544.136,6093.896,6564.438,6851.174,6440.263,6129.441,5655.578
"Viet Nam",704,65,482,573.933,688.641,817.992,1009.25,960.724,1129.131,1198.659,1400.421,1510.254,1755.28,1599.207,1556.528,1881.635,3014.749,3990.279,4582.134,4977.299,5490.409,5838.344,6500.163,7061.505,7139.047,5599.651,5294.385,5837.896,6306.655,6598.986,6216.957,5929.056
"Viet Nam",704,70,309,363.277,443.155,542.273,652.575,740.15,795.585,950.924,1021.011,1206.099,1309.532,1513.46,1387.216,1362.669,1651.82,2656.569,3540.134,4096.121,4476.518,4969.45,5316.911,5954.669,6505.795,6613.322,5211.254,4949.155,5480.273,5943.383,6241.453,5899.113
"Viet Nam",704,75,161,203.853,246.917,309.701,388.197,412.582,557.944,613.52,746.844,813.235,972.064,1061.892,1241.213,1143.555,1126.785,1373.692,2224.997,2994.91,3492.356,3847.541,4307.1,4646.033,5244.182,5773.083,5909.72,4686.547,4477.019,4984.556,5434.043,5734.059
"Viet Nam",704,80,53,88.157,115.624,145.386,190.695,199.17,270.821,378.151,427.385,530.879,588.061,713.651,790.678,929.052,860.387,854.996,1053.04,1724.948,2345.021,2761.943,3074.612,3479.241,3793.082,4325.495,4807.101,4965.152,3969.863,3821.739,4286.643,4705.721
"Viet Nam",704,85,23,22.423,39.052,53.761,72.809,73.341,108.226,153.63,222.206,259.565,329.748,371.265,459.69,513.276,608.474,569.513,572.12,715.331,1183.556,1628.314,1941.266,2188.793,2510.191,2773.315,3201.842,3600.125,3760.104,3038.146,2955.124,3346.841
"Viet Nam",704,90,7,7.055,7.118,13.315,20.546,19.094,30.074,47.217,70.726,107.51,128.868,167.794,193.76,243.352,274.472,329.776,312.09,318.445,403.111,674.539,940.746,1137.434,1301.894,1517.16,1702.184,1994.043,2273.745,2407.744,1972.345,1943.88
"Viet Nam",704,95,1,1.43,1.5,1.613,3.582,3.324,5.327,9.121,15.468,24.976,39.316,48.657,65.46,76.956,98.238,112.287,136.031,130.628,134.785,172.818,292.715,414.262,508.81,592.438,702.631,802.053,955.513,1107.887,1193.845,994.716
"Viet Nam",704,100,0,0.125,0.194,0.227,0.295,0.338,0.579,1.027,1.94,3.661,6.278,10.397,14.034,19.323,23.873,30.645,35.797,43.199,43.824,45.253,55.638,89.516,130.753,167.969,202.262,243.996,286.147,344.658,409.647,459.696
"Tunisia",788,0,584,638.591,678.522,769.697,822.753,896.059,996.217,1058.885,1058.839,942.293,831.562,792.048,871.613,1026.154,1010.299,921.367,836.603,798.241,809.925,835.853,837.159,804.234,755.787,718.33,703.299,701.172,696.056,677.884,651.169,625.284
"Tunisia",788,5,481,536.777,590.63,672.475,732.88,794.517,871.121,977.757,1046.639,1059.505,930.442,822.635,786.307,864.232,1024.265,1008.582,919.828,835.198,796.914,808.635,834.586,835.925,803.041,754.63,717.201,702.189,700.077,694.973,676.817,650.118
"Tunisia",788,10,381,469.504,524.923,596.004,661.487,714.748,785.673,863.273,973.721,1056.653,1059.241,924.01,819.321,782.596,862.909,1022.91,1007.341,918.736,834.223,796.014,807.773,833.751,835.123,802.276,753.904,716.51,701.517,699.42,694.33,676.192
"Tunisia",788,15,340,371.924,424.11,442.983,576.305,630.931,697.461,779.435,853.473,981.444,1053.38,1052.162,921.654,816.97,780.124,860.458,1020.399,1004.98,916.571,832.219,794.112,805.921,831.935,833.349,800.562,752.25,714.894,699.931,697.855,692.785
"Tunisia",788,20,298,326.279,297.239,310.173,411.899,538.717,597.874,680.875,755.968,849.14,959.366,1040.11,1036.325,902.144,812.133,775.531,855.875,1015.71,1000.476,912.325,828.192,790.224,802.1,828.164,829.638,796.923,748.685,711.388,696.464,694.418
"Tunisia",788,25,267,282.59,271.973,261.613,283.664,380.358,511.254,572.061,656.105,749.87,815.695,924.919,1009.673,965.864,895.929,806.342,770.001,850.34,1010.045,995.012,907.149,823.266,785.447,797.399,823.505,825.04,792.41,744.263,707.037,692.163
"Tunisia",788,30,237,252.359,253.191,273.56,240.458,260.015,365.301,490.057,564.549,654.174,724.018,759.417,898.481,955.764,959.712,890.19,801.044,764.971,845.296,1004.849,990.02,902.458,818.827,781.162,793.182,819.329,820.927,788.387,740.34,703.198
"Tunisia",788,35,213,222.295,232.787,251.775,253.728,232.211,250.49,362.001,494.39,565.285,643.461,679.7,746.876,894.679,949.719,953.931,884.91,796.283,760.516,840.814,1000.172,985.574,898.36,815.024,777.529,789.618,815.812,817.483,785.061,737.141
"Tunisia",788,40,177,196.723,198.824,213.906,233.884,253.744,227.077,261.067,367.658,499.565,566.295,627.193,679.303,742.089,887.824,942.959,947.555,879.235,791.315,755.97,836.218,995.288,981,894.264,811.322,774.066,786.25,812.504,814.28,782.026
"Tunisia",788,45,148,161.239,174.926,174.077,198.304,226.902,247.821,239.64,267.296,377.115,502.454,562.599,631.221,672.223,733.929,878.894,934.192,939.359,872.054,785.189,750.456,830.623,989.25,975.403,889.366,807.022,770.111,782.433,808.764,810.701
"Tunisia",788,50,127,132.993,145.472,152.06,160.041,188.118,218.335,260.572,245.2,273.648,374.63,496.048,561.687,620.052,660.653,722.291,866.093,921.654,927.678,861.92,776.663,742.881,822.922,980.838,967.641,882.667,801.227,764.853,777.376,803.841
"Tunisia",788,55,104,110.63,116.858,126.387,136.583,147.862,177.1,225.416,266.125,243.824,267.945,366.274,486.277,544.73,602.578,643.571,705.14,847.18,903.128,910.484,847.079,764.28,731.955,811.783,968.567,956.34,872.955,792.9,757.344,770.207
"Tunisia",788,60,87,86.094,93.016,97.739,109.052,123.543,134.876,180.253,222.625,264.279,234.534,258.499,351.951,462.229,519.818,577.389,618.96,680.407,819.832,876.395,885.711,825.79,746.604,716.37,795.807,950.89,940.017,858.971,780.956,746.648
"Tunisia",788,65,57,66.859,67.454,71.714,79.039,92.345,107.089,135.102,169.727,215.632,245.162,217.552,240.711,324.413,428.776,485.232,542.276,584.493,645.615,781.308,838.641,850.726,795.721,721.545,694.12,772.863,925.301,916.322,838.653,763.655
"Tunisia",788,70,49,39,46.81,45.613,52.212,59.635,72.1,100.645,115.746,153.291,189.87,212.658,189.674,209.646,285.765,381.459,435.847,491.601,534.259,594.606,724.433,782.604,798.456,750.437,683.388,659.953,737.273,885.346,879.163,806.771
"Tunisia",788,75,25,28.133,22.951,26.853,28.145,33.927,39.486,57.968,71.813,90.948,121.44,146.739,164.878,148.445,167.414,232.215,314.833,365.14,417.786,460.115,518.274,638.4,696.749,717.22,679.062,622.565,604.787,679.299,819.788,817.969
"Tunisia",788,80,23,11.18,12.949,10.792,12.982,14.429,18.085,23.56,34.127,44.141,58.742,77.941,94.744,108.047,100.453,116.575,165.883,230.08,272.787,319.005,358.433,411.318,515.251,570.983,595.495,570.254,528.128,517.925,586.87,714.303
"Tunisia",788,85,4,7.447,3.717,4.43,3.759,4.8,5.624,7.643,10.432,15.451,20.986,28.747,38.385,47.208,56.544,54.745,65.997,97.165,139.002,170.018,204.96,237.017,279.303,358.261,405.5,431.054,419.573,394.643,392.77,451.543
"Tunisia",788,90,2,0.877,1.663,0.855,1.037,0.93,1.258,1.606,2.329,3.164,5.009,7.08,9.855,13.122,17.126,21.651,22.006,27.769,42.628,63.476,80.795,101.372,121.719,148.444,196.301,228.62,249.27,248.34,238.899,243.208
"Tunisia",788,95,0,0.278,0.125,0.241,0.126,0.162,0.158,0.233,0.319,0.444,0.639,1.059,1.556,2.131,3.02,4.158,5.562,5.952,7.895,12.717,19.834,26.476,34.819,43.687,55.456,76.131,91.772,103.397,106.225,105.443
"Tunisia",788,100,0,0,0.023,0.012,0.022,0.013,0.017,0.018,0.028,0.035,0.051,0.075,0.133,0.189,0.278,0.416,0.599,0.84,0.964,1.308,2.154,3.514,4.992,6.898,9.104,12.054,17.034,21.744,25.858,28.21
